Sector,Category,Company URL
"Gift, Novelty, and Souvenir Shop",Miscellaneous Retail,https://www.buzzfile.com/business/Patton-Publications-202-635-7968
"Gift, Novelty, and Souvenir Shop",Miscellaneous Retail,https://www.buzzfile.com/business/Stow~Moulden-346-377-1734
"Gift, Novelty, and Souvenir Shop",Miscellaneous Retail,https://www.buzzfile.com/business/Ballpark-Inc-202-575-9464
"Gift, Novelty, and Souvenir Shop",Miscellaneous Retail,https://www.buzzfile.com/business/Topper-Proper-202-827-8546
"Gift, Novelty, and Souvenir Shop",Miscellaneous Retail,https://www.buzzfile.com/business/Tasteful-Treasures-By-Farissa-202-889-8435
"Gift, Novelty, and Souvenir Shop",Miscellaneous Retail,https://www.buzzfile.com/business/Crystals-Flower.And.Gift-Shop-202-396-2797
"Gift, Novelty, and Souvenir Shop",Miscellaneous Retail,https://www.buzzfile.com/business/Smithsonian-Institution-202-633-1000
"Gift, Novelty, and Souvenir Shop",Miscellaneous Retail,https://www.buzzfile.com/business/Yeht-Company-202-876-2467
"Gift, Novelty, and Souvenir Shop",Miscellaneous Retail,https://www.buzzfile.com/business/Motorhead-Products-256-775-6337
"Gift, Novelty, and Souvenir Shop",Miscellaneous Retail,https://www.buzzfile.com/business/All-Round-Gifts-334-290-1131
"Gift, Novelty, and Souvenir Shop",Miscellaneous Retail,https://www.buzzfile.com/business/What-A-Stitch-251-343-4694
"Gift, Novelty, and Souvenir Shop",Miscellaneous Retail,https://www.buzzfile.com/business/Terry-Waters-Distributing-Inc-251-947-4467
"Gift, Novelty, and Souvenir Shop",Miscellaneous Retail,https://www.buzzfile.com/business/Carolyn-334-262-7008
"Gift, Novelty, and Souvenir Shop",Miscellaneous Retail,"https://www.buzzfile.com/business/Cunningham-Imports,-Inc.-205-384-5665"
"Gift, Novelty, and Souvenir Shop",Miscellaneous Retail,"https://www.buzzfile.com/business/D~Zines-and-Letters,-Inc.-205-965-7199"
"Gift, Novelty, and Souvenir Shop",Miscellaneous Retail,https://www.buzzfile.com/business/Family-In-Biz-205-637-5576
"Gift, Novelty, and Souvenir Shop",Miscellaneous Retail,https://www.buzzfile.com/business/The-Memory-Company-LLC-334-448-0708
"Gift, Novelty, and Souvenir Shop",Miscellaneous Retail,https://www.buzzfile.com/business/M-D-Rainey-205-752-2683
"Gift, Novelty, and Souvenir Shop",Miscellaneous Retail,"https://www.buzzfile.com/business/Petrey-Novelty,-Inc.-334-230-5674"
"Gift, Novelty, and Souvenir Shop",Miscellaneous Retail,"https://www.buzzfile.com/business/Sbush-Designs,-LLC-659-207-0374"
"Gift, Novelty, and Souvenir Shop",Miscellaneous Retail,"https://www.buzzfile.com/business/Deharo!s-Legacies,-LLC-256-300-4999"
"Gift, Novelty, and Souvenir Shop",Miscellaneous Retail,"https://www.buzzfile.com/business/Two-Tz-In-A-Pod,-LLC-205-859-9072"
"Gift, Novelty, and Souvenir Shop",Miscellaneous Retail,https://www.buzzfile.com/business/Home-Specialty-Shop-205-787-6718
"Gift, Novelty, and Souvenir Shop",Miscellaneous Retail,"https://www.buzzfile.com/business/Under-Stella!s-Umbrella,-LLC-888-502-8882"
"Gift, Novelty, and Souvenir Shop",Miscellaneous Retail,https://www.buzzfile.com/business/C-and-F-Supplies-205-969-1797
"Gift, Novelty, and Souvenir Shop",Miscellaneous Retail,https://www.buzzfile.com/business/Allegiance-Apparel-251-577-1339
"Gift, Novelty, and Souvenir Shop",Miscellaneous Retail,https://www.buzzfile.com/business/The-Arwine-Company-907-276-0735
"Gift, Novelty, and Souvenir Shop",Miscellaneous Retail,https://www.buzzfile.com/business/Homer!s-Quality-Services-907-235-0105
"Gift, Novelty, and Souvenir Shop",Miscellaneous Retail,"https://www.buzzfile.com/business/Accents,-Inc-907-398-6100"
"Gift, Novelty, and Souvenir Shop",Miscellaneous Retail,https://www.buzzfile.com/business/Nenana-Creative-Arts-907-278-6748
"Gift, Novelty, and Souvenir Shop",Miscellaneous Retail,"https://www.buzzfile.com/business/Salty-Girls,-L.L.C.-907-235-8348"
"Gift, Novelty, and Souvenir Shop",Miscellaneous Retail,https://www.buzzfile.com/business/Seismic-Laser-Designs-303-906-8256
"Gift, Novelty, and Souvenir Shop",Miscellaneous Retail,https://www.buzzfile.com/business/American-International-Mktg-623-780-3213
"Gift, Novelty, and Souvenir Shop",Miscellaneous Retail,https://www.buzzfile.com/business/Art-Institute-928-639-0805
"Gift, Novelty, and Souvenir Shop",Miscellaneous Retail,https://www.buzzfile.com/business/India-Bangledesh-Imports-480-829-7712
"Gift, Novelty, and Souvenir Shop",Miscellaneous Retail,https://www.buzzfile.com/business/Harvey-Steinacher-Associates-Inc-480-860-9116
"Gift, Novelty, and Souvenir Shop",Miscellaneous Retail,https://www.buzzfile.com/business/Raytech-Development-209-756-8402
"Gift, Novelty, and Souvenir Shop",Miscellaneous Retail,https://www.buzzfile.com/business/Tappa-Distribution-LLC-480-322-3999
"Gift, Novelty, and Souvenir Shop",Miscellaneous Retail,https://www.buzzfile.com/business/Busy-Paws-Mfg-520-577-1725
"Gift, Novelty, and Souvenir Shop",Miscellaneous Retail,https://www.buzzfile.com/business/Waddell-Trading-Company-Inc-480-755-8080
"Gift, Novelty, and Souvenir Shop",Miscellaneous Retail,"https://www.buzzfile.com/business/Signs-4-Fun,-Inc.-602-993-3000"
"Gift, Novelty, and Souvenir Shop",Miscellaneous Retail,https://www.buzzfile.com/business/Bgh-Trading-Company-Inc.-480-251-9551
"Gift, Novelty, and Souvenir Shop",Miscellaneous Retail,"https://www.buzzfile.com/business/Sunburst-Trading-Company,-Inc.-520-299-5998"
"Gift, Novelty, and Souvenir Shop",Miscellaneous Retail,https://www.buzzfile.com/business/P-S-Kisses.And.Hearts-480-895-1377
"Gift, Novelty, and Souvenir Shop",Miscellaneous Retail,https://www.buzzfile.com/business/Amer-I-Mex-928-774-2262
"Gift, Novelty, and Souvenir Shop",Miscellaneous Retail,"https://www.buzzfile.com/business/Desert-Gathering,-Inc.-480-961-0175"
"Gift, Novelty, and Souvenir Shop",Miscellaneous Retail,https://www.buzzfile.com/business/American-Indian-Arts-480-354-6826
"Gift, Novelty, and Souvenir Shop",Miscellaneous Retail,https://www.buzzfile.com/business/Desert-West-Products-480-991-6190
"Gift, Novelty, and Souvenir Shop",Miscellaneous Retail,https://www.buzzfile.com/business/Brandables-480-951-8882
"Gift, Novelty, and Souvenir Shop",Miscellaneous Retail,https://www.buzzfile.com/business/Pogonip-Inc.-520-326-1449
"Gift, Novelty, and Souvenir Shop",Miscellaneous Retail,https://www.buzzfile.com/business/Sanwa-North-America-623-209-7062
"Gift, Novelty, and Souvenir Shop",Miscellaneous Retail,"https://www.buzzfile.com/business/Sun-Vue-Marketing,-Inc.-480-515-1228"
"Gift, Novelty, and Souvenir Shop",Miscellaneous Retail,https://www.buzzfile.com/business/Mexico!s-Best-Imports-LLC-520-302-1712
"Gift, Novelty, and Souvenir Shop",Miscellaneous Retail,https://www.buzzfile.com/business/Morepower2you-LLC-602-690-6075
"Gift, Novelty, and Souvenir Shop",Miscellaneous Retail,https://www.buzzfile.com/business/Hotel-California-Trading-928-778-7276
"Gift, Novelty, and Souvenir Shop",Miscellaneous Retail,https://www.buzzfile.com/business/Brockish-Sales-Corp-480-759-0742
"Gift, Novelty, and Souvenir Shop",Miscellaneous Retail,https://www.buzzfile.com/business/Aci-Distributors-602-249-3425
"Gift, Novelty, and Souvenir Shop",Miscellaneous Retail,https://www.buzzfile.com/business/Mercado-Mexico-480-831-5925
"Gift, Novelty, and Souvenir Shop",Miscellaneous Retail,"https://www.buzzfile.com/business/Gerps,-Inc.-651-755-8833"
"Gift, Novelty, and Souvenir Shop",Miscellaneous Retail,https://www.buzzfile.com/business/Phs-International-602-234-1922
"Gift, Novelty, and Souvenir Shop",Miscellaneous Retail,"https://www.buzzfile.com/business/Earthview,-Inc-800-386-9165"
"Gift, Novelty, and Souvenir Shop",Miscellaneous Retail,https://www.buzzfile.com/business/Waddell-Trading-Co-602-625-1575
"Gift, Novelty, and Souvenir Shop",Miscellaneous Retail,https://www.buzzfile.com/business/Wolf-Grey-480-423-0004
"Gift, Novelty, and Souvenir Shop",Miscellaneous Retail,https://www.buzzfile.com/business/Borderlands-Trading-Company-520-622-6454
"Gift, Novelty, and Souvenir Shop",Miscellaneous Retail,https://www.buzzfile.com/business/Silver-Treehouse-Inc-520-720-4479
"Gift, Novelty, and Souvenir Shop",Miscellaneous Retail,https://www.buzzfile.com/business/S~J-Enterprises-480-986-4688
"Gift, Novelty, and Souvenir Shop",Miscellaneous Retail,https://www.buzzfile.com/business/The-Branches-602-526-3372
"Gift, Novelty, and Souvenir Shop",Miscellaneous Retail,"https://www.buzzfile.com/business/Clear-Creek-Trading,-L.L.C.-928-204-5805"
"Gift, Novelty, and Souvenir Shop",Miscellaneous Retail,https://www.buzzfile.com/business/Heather-Logan-Clark-LLC-602-493-1745
"Gift, Novelty, and Souvenir Shop",Miscellaneous Retail,https://www.buzzfile.com/business/Pearson!s-480-664-1383
"Gift, Novelty, and Souvenir Shop",Miscellaneous Retail,https://www.buzzfile.com/business/An-Occasional-Gift-480-707-8805
"Gift, Novelty, and Souvenir Shop",Miscellaneous Retail,https://www.buzzfile.com/business/Fme-International-480-964-5185
"Gift, Novelty, and Souvenir Shop",Miscellaneous Retail,https://www.buzzfile.com/business/Funky-Fiber-Works-602-943-3656
"Gift, Novelty, and Souvenir Shop",Miscellaneous Retail,https://www.buzzfile.com/business/Desert-Edge-Sales-LLC-480-495-2698
"Gift, Novelty, and Souvenir Shop",Miscellaneous Retail,https://www.buzzfile.com/business/Makayla-Gifts.com-602-653-7729
"Gift, Novelty, and Souvenir Shop",Miscellaneous Retail,https://www.buzzfile.com/business/Mexican-Arts-Imports-602-275-9552
"Gift, Novelty, and Souvenir Shop",Miscellaneous Retail,https://www.buzzfile.com/business/Pyramid-Imports-LLC-480-575-5500
"Gift, Novelty, and Souvenir Shop",Miscellaneous Retail,https://www.buzzfile.com/business/Beauty.And.Evolution-Manifesting-A-Greater-Intimacy.And.Connection-LLC-479-970-3660
"Gift, Novelty, and Souvenir Shop",Miscellaneous Retail,https://www.buzzfile.com/business/Samsonico-USA-LLC-949-886-1752
"Gift, Novelty, and Souvenir Shop",Miscellaneous Retail,"https://www.buzzfile.com/business/S.And.G-Distributors,-Inc.-501-753-4754"
"Gift, Novelty, and Souvenir Shop",Miscellaneous Retail,"https://www.buzzfile.com/business/T.And.T-Collectibles,-Inc.-818-343-2421"
"Gift, Novelty, and Souvenir Shop",Miscellaneous Retail,https://www.buzzfile.com/business/The-Ribbonerie-Inc-415-626-6184
"Gift, Novelty, and Souvenir Shop",Miscellaneous Retail,"https://www.buzzfile.com/business/Nahn,-Chanh-Truc-626-237-0230"
"Gift, Novelty, and Souvenir Shop",Miscellaneous Retail,https://www.buzzfile.com/business/Kim-Lang-Corporation-415-822-1283
"Gift, Novelty, and Souvenir Shop",Miscellaneous Retail,https://www.buzzfile.com/business/Broadway-Gifts-Co-650-871-2889
"Gift, Novelty, and Souvenir Shop",Miscellaneous Retail,"https://www.buzzfile.com/business/Bl-Trading,-Inc.-415-776-3875"
"Gift, Novelty, and Souvenir Shop",Miscellaneous Retail,"https://www.buzzfile.com/business/Unison-Gifts,-Inc.-626-814-8334"
"Gift, Novelty, and Souvenir Shop",Miscellaneous Retail,https://www.buzzfile.com/business/Lotions.And.Lace-909-889-3114
"Gift, Novelty, and Souvenir Shop",Miscellaneous Retail,https://www.buzzfile.com/business/Lotions.And.Lace-951-352-4405
"Gift, Novelty, and Souvenir Shop",Miscellaneous Retail,https://www.buzzfile.com/business/Lladro-Porcelain-U-S-America-310-385-0690
"Gift, Novelty, and Souvenir Shop",Miscellaneous Retail,https://www.buzzfile.com/business/China-Ameri-International-Inc-213-683-8898
"Gift, Novelty, and Souvenir Shop",Miscellaneous Retail,https://www.buzzfile.com/business/Usman-Imports-310-973-4742
"Gift, Novelty, and Souvenir Shop",Miscellaneous Retail,"https://www.buzzfile.com/business/West~East-Imports,-Inc.-626-279-1823"
"Gift, Novelty, and Souvenir Shop",Miscellaneous Retail,https://www.buzzfile.com/business/Child-To-Cherish-714-990-1590
"Gift, Novelty, and Souvenir Shop",Miscellaneous Retail,https://www.buzzfile.com/business/All-America-Premium-Corp.-909-628-3698
"Gift, Novelty, and Souvenir Shop",Miscellaneous Retail,https://www.buzzfile.com/business/Gold-Union-Corp-408-436-1048
"Gift, Novelty, and Souvenir Shop",Miscellaneous Retail,https://www.buzzfile.com/business/East-West-Promotions-415-828-3688
"Gift, Novelty, and Souvenir Shop",Miscellaneous Retail,https://www.buzzfile.com/business/Imports-Without-Borders-650-327-4516
"Gift, Novelty, and Souvenir Shop",Miscellaneous Retail,https://www.buzzfile.com/business/G.-Debrekht-Artistic-Studios-949-394-9785
"Gift, Novelty, and Souvenir Shop",Miscellaneous Retail,"https://www.buzzfile.com/business/Pacific-Island-Imports,-Inc.-562-916-0010"
"Gift, Novelty, and Souvenir Shop",Miscellaneous Retail,https://www.buzzfile.com/business/Kikimo-Inc.-310-823-6817
"Gift, Novelty, and Souvenir Shop",Miscellaneous Retail,https://www.buzzfile.com/business/NAPA-Valley-Tours-707-965-2500
"Gift, Novelty, and Souvenir Shop",Miscellaneous Retail,"https://www.buzzfile.com/business/Beyond-Trading,-Inc.-626-855-0198"
"Gift, Novelty, and Souvenir Shop",Miscellaneous Retail,https://www.buzzfile.com/business/The-Pacific-Rim-Company-925-682-9682
"Gift, Novelty, and Souvenir Shop",Miscellaneous Retail,"https://www.buzzfile.com/business/Oceanwide-Solutions,-Inc.-626-831-2488"
"Gift, Novelty, and Souvenir Shop",Miscellaneous Retail,https://www.buzzfile.com/business/Gii-714-827-5009
"Gift, Novelty, and Souvenir Shop",Miscellaneous Retail,"https://www.buzzfile.com/business/Ltd-Enterprises-Distribution,-Inc.-818-957-6398_no:9513766"
"Gift, Novelty, and Souvenir Shop",Miscellaneous Retail,https://www.buzzfile.com/business/Mario-Romano-Enterprises-310-476-3273
"Gift, Novelty, and Souvenir Shop",Miscellaneous Retail,https://www.buzzfile.com/business/Jack-Nadel-International-949-450-0111
"Gift, Novelty, and Souvenir Shop",Miscellaneous Retail,https://www.buzzfile.com/business/Mel.And.Helens-Handcrafted-714-636-9854
"Gift, Novelty, and Souvenir Shop",Miscellaneous Retail,https://www.buzzfile.com/business/Irmadel-951-242-7594
"Gift, Novelty, and Souvenir Shop",Miscellaneous Retail,https://www.buzzfile.com/business/Beyond-Interiors-510-482-5896
"Gift, Novelty, and Souvenir Shop",Miscellaneous Retail,https://www.buzzfile.com/business/Southwest-Trading-951-657-9600
"Gift, Novelty, and Souvenir Shop",Miscellaneous Retail,"https://www.buzzfile.com/business/Planahead,-LLC-310-845-1150_no:17503752"
"Gift, Novelty, and Souvenir Shop",Miscellaneous Retail,https://www.buzzfile.com/business/Uccellino-805-898-7979
"Gift, Novelty, and Souvenir Shop",Miscellaneous Retail,"https://www.buzzfile.com/business/Designs-By-Dee-Kay,-Inc.-909-902-5869"
"Gift, Novelty, and Souvenir Shop",Miscellaneous Retail,https://www.buzzfile.com/business/Pastorino-Products-530-934-3577
"Gift, Novelty, and Souvenir Shop",Miscellaneous Retail,https://www.buzzfile.com/business/Cottage-Industry-415-885-0326
"Gift, Novelty, and Souvenir Shop",Miscellaneous Retail,https://www.buzzfile.com/business/PSI-Sales-714-619-7490
"Gift, Novelty, and Souvenir Shop",Miscellaneous Retail,https://www.buzzfile.com/business/Audies-International-Inc-415-924-8299
"Gift, Novelty, and Souvenir Shop",Miscellaneous Retail,https://www.buzzfile.com/business/Siddhartha-International-510-792-8500
"Gift, Novelty, and Souvenir Shop",Miscellaneous Retail,https://www.buzzfile.com/business/Intimate-Details-Gaming-Production-661-269-3624
"Gift, Novelty, and Souvenir Shop",Miscellaneous Retail,https://www.buzzfile.com/business/Silver-Deer-707-765-0500
"Gift, Novelty, and Souvenir Shop",Miscellaneous Retail,https://www.buzzfile.com/business/Levin-Sales-Co-650-637-7722
"Gift, Novelty, and Souvenir Shop",Miscellaneous Retail,https://www.buzzfile.com/business/Tic-818-782-3060
"Gift, Novelty, and Souvenir Shop",Miscellaneous Retail,"https://www.buzzfile.com/business/Level-Enterprises,-Inc.-213-741-0723"
"Gift, Novelty, and Souvenir Shop",Miscellaneous Retail,https://www.buzzfile.com/business/Apple-Woods-530-273-1449
"Gift, Novelty, and Souvenir Shop",Miscellaneous Retail,https://www.buzzfile.com/business/Cordova.And.Associates-949-786-9268
"Gift, Novelty, and Souvenir Shop",Miscellaneous Retail,https://www.buzzfile.com/business/The-Empty-Nest-310-632-1990
"Gift, Novelty, and Souvenir Shop",Miscellaneous Retail,https://www.buzzfile.com/business/Uhdo-LLC-858-442-7196
"Gift, Novelty, and Souvenir Shop",Miscellaneous Retail,https://www.buzzfile.com/business/Matrix-Investment-Corporation-970-723-8246
"Gift, Novelty, and Souvenir Shop",Miscellaneous Retail,"https://www.buzzfile.com/business/Paykoc-Imports,-Inc.-303-293-2932"
"Gift, Novelty, and Souvenir Shop",Miscellaneous Retail,https://www.buzzfile.com/business/Wanderlust-Imports-1-Inc.-303-857-7878
"Gift, Novelty, and Souvenir Shop",Miscellaneous Retail,https://www.buzzfile.com/business/Blue-Ink-Studios-719-487-0062
"Gift, Novelty, and Souvenir Shop",Miscellaneous Retail,https://www.buzzfile.com/business/Diaper-Cakes-By-Donna-Ltd.-720-919-2413
"Gift, Novelty, and Souvenir Shop",Miscellaneous Retail,https://www.buzzfile.com/business/Mad-Hu-Tlin-Mama-Creations-LLC-719-963-7796
"Gift, Novelty, and Souvenir Shop",Miscellaneous Retail,https://www.buzzfile.com/business/Aspen-Lane-214-562-0625
"Gift, Novelty, and Souvenir Shop",Miscellaneous Retail,"https://www.buzzfile.com/business/Boulder-Brass-Works,-Inc-303-443-3142"
"Gift, Novelty, and Souvenir Shop",Miscellaneous Retail,https://www.buzzfile.com/business/Quarry-Collections-303-786-8380
"Gift, Novelty, and Souvenir Shop",Miscellaneous Retail,https://www.buzzfile.com/business/The-Bear-Cave-Imports-719-634-5400
"Gift, Novelty, and Souvenir Shop",Miscellaneous Retail,https://www.buzzfile.com/business/Bills-Sports-Collectibles-LLC-303-733-4878
"Gift, Novelty, and Souvenir Shop",Miscellaneous Retail,https://www.buzzfile.com/business/Imagine-Imports-303-449-7307
"Gift, Novelty, and Souvenir Shop",Miscellaneous Retail,https://www.buzzfile.com/business/McDowell-Distribution-Company-Inc-970-252-9664
"Gift, Novelty, and Souvenir Shop",Miscellaneous Retail,"https://www.buzzfile.com/business/Full-of-Grace-Usa,-LLC-720-323-6260"
"Gift, Novelty, and Souvenir Shop",Miscellaneous Retail,https://www.buzzfile.com/business/Classic-Designs-Embroidery-970-667-4084
"Gift, Novelty, and Souvenir Shop",Miscellaneous Retail,"https://www.buzzfile.com/business/Silent-Partner,-Inc.-303-295-1320"
"Gift, Novelty, and Souvenir Shop",Miscellaneous Retail,https://www.buzzfile.com/business/Bayou-Salado-Trading-Post-719-836-2458
"Gift, Novelty, and Souvenir Shop",Miscellaneous Retail,"https://www.buzzfile.com/business/Conquest-Usa,-Inc-303-644-3480"
"Gift, Novelty, and Souvenir Shop",Miscellaneous Retail,https://www.buzzfile.com/business/Tweed-Associates-303-295-2342
"Gift, Novelty, and Souvenir Shop",Miscellaneous Retail,https://www.buzzfile.com/business/Jack-Nadel-Inc.-303-300-1800
"Gift, Novelty, and Souvenir Shop",Miscellaneous Retail,https://www.buzzfile.com/business/Checkmate-International-303-292-1000
"Gift, Novelty, and Souvenir Shop",Miscellaneous Retail,https://www.buzzfile.com/business/Wood-Shark-Trading-Company-303-974-6499
"Gift, Novelty, and Souvenir Shop",Miscellaneous Retail,https://www.buzzfile.com/business/Long-Sales-Group-303-294-0191
"Gift, Novelty, and Souvenir Shop",Miscellaneous Retail,https://www.buzzfile.com/business/Bounce-Marketing-Group-303-522-7569
"Gift, Novelty, and Souvenir Shop",Miscellaneous Retail,https://www.buzzfile.com/business/Buttons.And.Balloons-719-576-0885
"Gift, Novelty, and Souvenir Shop",Miscellaneous Retail,https://www.buzzfile.com/business/Multiline-Int!l-Imports-Inc.-855-315-1462
"Gift, Novelty, and Souvenir Shop",Miscellaneous Retail,https://www.buzzfile.com/business/Paula-Leopold-LLC-303-791-1296
"Gift, Novelty, and Souvenir Shop",Miscellaneous Retail,https://www.buzzfile.com/business/Woodcutts-Inc.-303-783-9279
"Gift, Novelty, and Souvenir Shop",Miscellaneous Retail,https://www.buzzfile.com/business/Light-Stones-303-440-0533
"Gift, Novelty, and Souvenir Shop",Miscellaneous Retail,https://www.buzzfile.com/business/Tongish.And.Co-LLC-303-291-0151
"Gift, Novelty, and Souvenir Shop",Miscellaneous Retail,https://www.buzzfile.com/business/The-Basket-Lounge-LLC-720-588-2267
"Gift, Novelty, and Souvenir Shop",Miscellaneous Retail,https://www.buzzfile.com/business/Melanie-Koch-469-934-8808
"Gift, Novelty, and Souvenir Shop",Miscellaneous Retail,https://www.buzzfile.com/business/Kellogg-Co-Inc-303-298-8199
"Gift, Novelty, and Souvenir Shop",Miscellaneous Retail,"https://www.buzzfile.com/business/Whitehouse-Enterprises,-LLC-303-622-9668"
"Gift, Novelty, and Souvenir Shop",Miscellaneous Retail,https://www.buzzfile.com/business/A-S-M-L-Sales-303-295-0004
"Gift, Novelty, and Souvenir Shop",Miscellaneous Retail,https://www.buzzfile.com/business/Terry-Moore.And.Associates-303-295-0614
"Gift, Novelty, and Souvenir Shop",Miscellaneous Retail,https://www.buzzfile.com/business/Fourth-World-Enterprises-303-688-9619
"Gift, Novelty, and Souvenir Shop",Miscellaneous Retail,https://www.buzzfile.com/business/The-Thymekeeper-Inc-719-439-7303
"Gift, Novelty, and Souvenir Shop",Miscellaneous Retail,https://www.buzzfile.com/business/It!s-Your-Move-303-277-1290
"Gift, Novelty, and Souvenir Shop",Miscellaneous Retail,"https://www.buzzfile.com/business/Original-Approach,-LLC-970-222-7006"
"Gift, Novelty, and Souvenir Shop",Miscellaneous Retail,https://www.buzzfile.com/business/Countryside-Creations-LLC-970-787-0375
"Gift, Novelty, and Souvenir Shop",Miscellaneous Retail,https://www.buzzfile.com/business/Okc-Inc-203-261-6711
"Gift, Novelty, and Souvenir Shop",Miscellaneous Retail,https://www.buzzfile.com/business/French-Heritage-203-834-1491
"Gift, Novelty, and Souvenir Shop",Miscellaneous Retail,"https://www.buzzfile.com/business/Caron-Collection,-The-Ltd-203-381-9999"
"Gift, Novelty, and Souvenir Shop",Miscellaneous Retail,https://www.buzzfile.com/business/Ameico-Inc.-860-354-8765
"Gift, Novelty, and Souvenir Shop",Miscellaneous Retail,https://www.buzzfile.com/business/Richard-F-Almond-Company-Inc-203-874-0337
"Gift, Novelty, and Souvenir Shop",Miscellaneous Retail,https://www.buzzfile.com/business/Designs-Etc-860-298-9681
"Gift, Novelty, and Souvenir Shop",Miscellaneous Retail,"https://www.buzzfile.com/business/Dwarven-Forge,-LLC-203-227-5742"
"Gift, Novelty, and Souvenir Shop",Miscellaneous Retail,https://www.buzzfile.com/business/Best-of-Europe-860-526-8420
"Gift, Novelty, and Souvenir Shop",Miscellaneous Retail,"https://www.buzzfile.com/business/Lorenzo-Import,-LLC-203-574-5789"
"Gift, Novelty, and Souvenir Shop",Miscellaneous Retail,https://www.buzzfile.com/business/Gbg-203-459-4424
"Gift, Novelty, and Souvenir Shop",Miscellaneous Retail,"https://www.buzzfile.com/business/Recognition,-Inc.-860-659-8629"
"Gift, Novelty, and Souvenir Shop",Miscellaneous Retail,https://www.buzzfile.com/business/Bigmouth-860-659-8304_no:8360057
"Gift, Novelty, and Souvenir Shop",Miscellaneous Retail,https://www.buzzfile.com/business/Butlers-Custom-Innovations-LLC-208-750-6110
"Gift, Novelty, and Souvenir Shop",Miscellaneous Retail,https://www.buzzfile.com/business/Wholesale-Club-LLC-860-549-2582
"Gift, Novelty, and Souvenir Shop",Miscellaneous Retail,https://www.buzzfile.com/business/Benjamin-International-Inc.-203-758-1868
"Gift, Novelty, and Souvenir Shop",Miscellaneous Retail,https://www.buzzfile.com/business/Friederici-LLC-203-762-7667
"Gift, Novelty, and Souvenir Shop",Miscellaneous Retail,https://www.buzzfile.com/business/Thalia-Barrett-860-634-6129
"Gift, Novelty, and Souvenir Shop",Miscellaneous Retail,https://www.buzzfile.com/business/Medusas-Creations-LLC-860-477-6705
"Gift, Novelty, and Souvenir Shop",Miscellaneous Retail,https://www.buzzfile.com/business/Brigitte-Loening-203-762-9504
"Gift, Novelty, and Souvenir Shop",Miscellaneous Retail,https://www.buzzfile.com/business/Ocean-Blu-Boutique-Inc-203-257-8420
"Gift, Novelty, and Souvenir Shop",Miscellaneous Retail,https://www.buzzfile.com/business/Gatehouse-Gifts.And.Premiums-LLC-203-459-2497
"Gift, Novelty, and Souvenir Shop",Miscellaneous Retail,https://www.buzzfile.com/business/Tom~Wat-203-732-7820
"Gift, Novelty, and Souvenir Shop",Miscellaneous Retail,"https://www.buzzfile.com/business/From-Spain,-Inc.-203-504-8242"
"Gift, Novelty, and Souvenir Shop",Miscellaneous Retail,https://www.buzzfile.com/business/Paul-Stambaugh-302-234-0447
"Gift, Novelty, and Souvenir Shop",Miscellaneous Retail,https://www.buzzfile.com/business/Jazzman-Records-302-234-2031
"Gift, Novelty, and Souvenir Shop",Miscellaneous Retail,https://www.buzzfile.com/business/Loudest-Winchester-301-693-1008
"Gift, Novelty, and Souvenir Shop",Miscellaneous Retail,"https://www.buzzfile.com/business/Guinevere-Associates,-Inc.-302-635-7798"
"Gift, Novelty, and Souvenir Shop",Miscellaneous Retail,https://www.buzzfile.com/business/Glass.And.Brass-352-754-9657
"Gift, Novelty, and Souvenir Shop",Miscellaneous Retail,https://www.buzzfile.com/business/Abundant-Funds-352-732-0888
"Gift, Novelty, and Souvenir Shop",Miscellaneous Retail,"https://www.buzzfile.com/business/Accento-Craft,-Inc.-727-938-2464"
"Gift, Novelty, and Souvenir Shop",Miscellaneous Retail,https://www.buzzfile.com/business/V.And.V-Trading-Corp.-305-416-6880
"Gift, Novelty, and Souvenir Shop",Miscellaneous Retail,https://www.buzzfile.com/business/Paix-Sans-Inc-407-859-8754
"Gift, Novelty, and Souvenir Shop",Miscellaneous Retail,https://www.buzzfile.com/business/Shiva-Imports-813-238-3295
"Gift, Novelty, and Souvenir Shop",Miscellaneous Retail,"https://www.buzzfile.com/business/Y~Shir,-Inc.-305-849-2992"
"Gift, Novelty, and Souvenir Shop",Miscellaneous Retail,https://www.buzzfile.com/business/Task-ME-Anything-561-900-2726
"Gift, Novelty, and Souvenir Shop",Miscellaneous Retail,https://www.buzzfile.com/business/The-Islander-FMB-Inc-239-218-1450
"Gift, Novelty, and Souvenir Shop",Miscellaneous Retail,https://www.buzzfile.com/business/Intergalactic-Trading-Co-Inc-407-831-8344
"Gift, Novelty, and Souvenir Shop",Miscellaneous Retail,"https://www.buzzfile.com/business/Party-Goods-Warehouse,-Inc.-954-418-9994"
"Gift, Novelty, and Souvenir Shop",Miscellaneous Retail,"https://www.buzzfile.com/business/Hamblen-Wholesale,-Inc.-904-829-6858"
"Gift, Novelty, and Souvenir Shop",Miscellaneous Retail,https://www.buzzfile.com/business/Joissu-Inc.-407-648-8746
"Gift, Novelty, and Souvenir Shop",Miscellaneous Retail,"https://www.buzzfile.com/business/Wheeler-Trading,-Inc.-954-432-8850"
"Gift, Novelty, and Souvenir Shop",Miscellaneous Retail,https://www.buzzfile.com/business/7-Star-352-262-8340
"Gift, Novelty, and Souvenir Shop",Miscellaneous Retail,https://www.buzzfile.com/business/Education-A-Gift-For-Life-Inc-305-690-9192
"Gift, Novelty, and Souvenir Shop",Miscellaneous Retail,https://www.buzzfile.com/business/D-M-Associates-620-421-6388
"Gift, Novelty, and Souvenir Shop",Miscellaneous Retail,https://www.buzzfile.com/business/Gifts-321-436-3723
"Gift, Novelty, and Souvenir Shop",Miscellaneous Retail,https://www.buzzfile.com/business/Mitech-Trading-321-674-9377
"Gift, Novelty, and Souvenir Shop",Miscellaneous Retail,https://www.buzzfile.com/business/Frnaz-Georg-Interprises-754-264-3567
"Gift, Novelty, and Souvenir Shop",Miscellaneous Retail,https://www.buzzfile.com/business/House-O-Raasche-305-251-5859
"Gift, Novelty, and Souvenir Shop",Miscellaneous Retail,https://www.buzzfile.com/business/Cecy-Burkhardt.And.Associates-954-303-3198
"Gift, Novelty, and Souvenir Shop",Miscellaneous Retail,https://www.buzzfile.com/business/Sgi-Trading-Company-850-588-7175
"Gift, Novelty, and Souvenir Shop",Miscellaneous Retail,https://www.buzzfile.com/business/Herzfelds-Souvenirs.And.Novlt-305-594-2882
"Gift, Novelty, and Souvenir Shop",Miscellaneous Retail,"https://www.buzzfile.com/business/A.M.D.A.-Distributors,-Inc.-305-400-9040"
"Gift, Novelty, and Souvenir Shop",Miscellaneous Retail,https://www.buzzfile.com/business/Ecoudrian-Resources-Foundation-305-500-9019
"Gift, Novelty, and Souvenir Shop",Miscellaneous Retail,https://www.buzzfile.com/business/Busy-Bee-813-677-6422
"Gift, Novelty, and Souvenir Shop",Miscellaneous Retail,"https://www.buzzfile.com/business/N.-Villar,-Inc.-305-667-3552"
"Gift, Novelty, and Souvenir Shop",Miscellaneous Retail,"https://www.buzzfile.com/business/Love.And.Kisses,-Inc-305-756-9095"
"Gift, Novelty, and Souvenir Shop",Miscellaneous Retail,https://www.buzzfile.com/business/Lumen-Mundi-954-747-1860
"Gift, Novelty, and Souvenir Shop",Miscellaneous Retail,https://www.buzzfile.com/business/Overtime-Marketing-LLC-305-766-9938
"Gift, Novelty, and Souvenir Shop",Miscellaneous Retail,https://www.buzzfile.com/business/W.-King-Ambler-Incorporated-314-965-3252
"Gift, Novelty, and Souvenir Shop",Miscellaneous Retail,https://www.buzzfile.com/business/Continental-Gifts.And.Imports-407-679-9158
"Gift, Novelty, and Souvenir Shop",Miscellaneous Retail,https://www.buzzfile.com/business/Poramorsho-USA-407-348-4200
"Gift, Novelty, and Souvenir Shop",Miscellaneous Retail,https://www.buzzfile.com/business/Cwi-Gifts-904-272-7524
"Gift, Novelty, and Souvenir Shop",Miscellaneous Retail,https://www.buzzfile.com/business/Totally-Tasha-LLC-352-318-1584
"Gift, Novelty, and Souvenir Shop",Miscellaneous Retail,https://www.buzzfile.com/business/S-L-C-407-677-0812
"Gift, Novelty, and Souvenir Shop",Miscellaneous Retail,https://www.buzzfile.com/business/B.And.P-Distribution-866-688-5951
"Gift, Novelty, and Souvenir Shop",Miscellaneous Retail,https://www.buzzfile.com/business/Sunshine-Distributors-813-354-9362
"Gift, Novelty, and Souvenir Shop",Miscellaneous Retail,https://www.buzzfile.com/business/Trader-Jack!s-941-505-1777
"Gift, Novelty, and Souvenir Shop",Miscellaneous Retail,https://www.buzzfile.com/business/Wholemax-786-703-7945
"Gift, Novelty, and Souvenir Shop",Miscellaneous Retail,"https://www.buzzfile.com/business/Creative-Handcrafts,-Inc.-305-254-0260"
"Gift, Novelty, and Souvenir Shop",Miscellaneous Retail,https://www.buzzfile.com/business/Admazing-Imprints-813-948-6680
"Gift, Novelty, and Souvenir Shop",Miscellaneous Retail,https://www.buzzfile.com/business/Judy!s-Home-Interiors.And.Gifts-941-624-6770
"Gift, Novelty, and Souvenir Shop",Miscellaneous Retail,https://www.buzzfile.com/business/Darlene!s-Shells-Wholesale-941-722-0408
"Gift, Novelty, and Souvenir Shop",Miscellaneous Retail,https://www.buzzfile.com/business/Unlimited-Imports-Inc-404-545-3133
"Gift, Novelty, and Souvenir Shop",Miscellaneous Retail,"https://www.buzzfile.com/business/D-F-International-Distributors,-Inc.-561-883-9340"
"Gift, Novelty, and Souvenir Shop",Miscellaneous Retail,https://www.buzzfile.com/business/Starlight-Creations-954-818-1267
"Gift, Novelty, and Souvenir Shop",Miscellaneous Retail,"https://www.buzzfile.com/business/Wendy-Reed-Designs,-Inc.-904-387-4249"
"Gift, Novelty, and Souvenir Shop",Miscellaneous Retail,https://www.buzzfile.com/business/Rifle-Paper-Co-407-622-7679
"Gift, Novelty, and Souvenir Shop",Miscellaneous Retail,"https://www.buzzfile.com/business/Meico,-Inc.-770-446-5314"
"Gift, Novelty, and Souvenir Shop",Miscellaneous Retail,https://www.buzzfile.com/business/Jack-Nadel-Inc.-770-587-6500
"Gift, Novelty, and Souvenir Shop",Miscellaneous Retail,"https://www.buzzfile.com/business/Sandy-Woodford,-Inc.-770-973-3503"
"Gift, Novelty, and Souvenir Shop",Miscellaneous Retail,https://www.buzzfile.com/business/Cresc-Corp.-770-452-9045
"Gift, Novelty, and Souvenir Shop",Miscellaneous Retail,"https://www.buzzfile.com/business/Southern-Link,-The-404-524-8419"
"Gift, Novelty, and Souvenir Shop",Miscellaneous Retail,https://www.buzzfile.com/business/Northside-Flower-Imports-Inc.-770-349-0267
"Gift, Novelty, and Souvenir Shop",Miscellaneous Retail,https://www.buzzfile.com/business/Brown-Girl-Pink-Pearlz-LLC-478-461-8095
"Gift, Novelty, and Souvenir Shop",Miscellaneous Retail,https://www.buzzfile.com/business/Cresc-Corporation-770-452-1155
"Gift, Novelty, and Souvenir Shop",Miscellaneous Retail,https://www.buzzfile.com/business/Avala-Porcelain-Wholesale-770-453-9688
"Gift, Novelty, and Souvenir Shop",Miscellaneous Retail,https://www.buzzfile.com/business/Telediscount-Company-770-908-2720
"Gift, Novelty, and Souvenir Shop",Miscellaneous Retail,https://www.buzzfile.com/business/Nature-Planet-203-778-6800
"Gift, Novelty, and Souvenir Shop",Miscellaneous Retail,https://www.buzzfile.com/business/Emissary-770-986-9000
"Gift, Novelty, and Souvenir Shop",Miscellaneous Retail,"https://www.buzzfile.com/business/Rajpan-Imports,-LLC-404-297-0200"
"Gift, Novelty, and Souvenir Shop",Miscellaneous Retail,https://www.buzzfile.com/business/Personal-Touch-478-987-7798
"Gift, Novelty, and Souvenir Shop",Miscellaneous Retail,https://www.buzzfile.com/business/Ghe-Custom-Creations-LLC-803-310-5701
"Gift, Novelty, and Souvenir Shop",Miscellaneous Retail,https://www.buzzfile.com/business/Shadowbox-Enterprises-770-653-4367
"Gift, Novelty, and Souvenir Shop",Miscellaneous Retail,https://www.buzzfile.com/business/Blu-Widow-Bottomless-Bling.And.Tumblers-LLC-404-267-8886
"Gift, Novelty, and Souvenir Shop",Miscellaneous Retail,https://www.buzzfile.com/business/Onecoast-Network-Corp-404-836-8900
"Gift, Novelty, and Souvenir Shop",Miscellaneous Retail,"https://www.buzzfile.com/business/Just-Got2-Have-It-,-Inc.-404-749-4850"
"Gift, Novelty, and Souvenir Shop",Miscellaneous Retail,https://www.buzzfile.com/business/Can-You-Imagine-Enterprises-LLC-770-933-8338
"Gift, Novelty, and Souvenir Shop",Miscellaneous Retail,"https://www.buzzfile.com/business/Grace-Imports,-Inc.-770-270-1010"
"Gift, Novelty, and Souvenir Shop",Miscellaneous Retail,https://www.buzzfile.com/business/Gamus-Distrubution-770-333-9500
"Gift, Novelty, and Souvenir Shop",Miscellaneous Retail,https://www.buzzfile.com/business/Debs-Mad-Gifts-404-431-0711
"Gift, Novelty, and Souvenir Shop",Miscellaneous Retail,"https://www.buzzfile.com/business/Slickmydeals,-LLC-407-205-2088"
"Gift, Novelty, and Souvenir Shop",Miscellaneous Retail,https://www.buzzfile.com/business/Southern-Roots-Designs-LLC-770-253-5534
"Gift, Novelty, and Souvenir Shop",Miscellaneous Retail,https://www.buzzfile.com/business/Yingzi-USA-Inc.-770-454-8189
"Gift, Novelty, and Souvenir Shop",Miscellaneous Retail,"https://www.buzzfile.com/business/Ganz-U.S.A.,-LLC-770-973-0092"
"Gift, Novelty, and Souvenir Shop",Miscellaneous Retail,https://www.buzzfile.com/business/Klay-Imports-LLC-706-431-2450
"Gift, Novelty, and Souvenir Shop",Miscellaneous Retail,https://www.buzzfile.com/business/Trader-J!S-770-963-4544
"Gift, Novelty, and Souvenir Shop",Miscellaneous Retail,https://www.buzzfile.com/business/Z-Cell.And.Novelties-678-406-9111
"Gift, Novelty, and Souvenir Shop",Miscellaneous Retail,"https://www.buzzfile.com/business/Accent-Decor,-Inc.-770-346-0707"
"Gift, Novelty, and Souvenir Shop",Miscellaneous Retail,https://www.buzzfile.com/business/Burton.And.Burton-706-548-1588
"Gift, Novelty, and Souvenir Shop",Miscellaneous Retail,"https://www.buzzfile.com/business/N.And.R-International,-Inc.-678-560-4088"
"Gift, Novelty, and Souvenir Shop",Miscellaneous Retail,"https://www.buzzfile.com/business/Cavanagh-Group-International,-Inc-678-366-2800"
"Gift, Novelty, and Souvenir Shop",Miscellaneous Retail,https://www.buzzfile.com/business/Koko-Distributors-404-277-5295
"Gift, Novelty, and Souvenir Shop",Miscellaneous Retail,"https://www.buzzfile.com/business/225-Unlimited,-Inc.-404-586-9222"
"Gift, Novelty, and Souvenir Shop",Miscellaneous Retail,https://www.buzzfile.com/business/Olga-Gay.And.Associates-404-873-4941
"Gift, Novelty, and Souvenir Shop",Miscellaneous Retail,https://www.buzzfile.com/business/B-I-Worldwide-770-242-8002
"Gift, Novelty, and Souvenir Shop",Miscellaneous Retail,https://www.buzzfile.com/business/Ovjoy-LLC-917-407-4214
"Gift, Novelty, and Souvenir Shop",Miscellaneous Retail,https://www.buzzfile.com/business/Waists-By-Wednesday-630-903-1085
"Gift, Novelty, and Souvenir Shop",Miscellaneous Retail,https://www.buzzfile.com/business/Darrah.And.Co-Ltd-404-577-6538
"Gift, Novelty, and Souvenir Shop",Miscellaneous Retail,https://www.buzzfile.com/business/Personal-Touch-770-633-4758
"Gift, Novelty, and Souvenir Shop",Miscellaneous Retail,https://www.buzzfile.com/business/Girls-Play-Alone-470-351-0564
"Gift, Novelty, and Souvenir Shop",Miscellaneous Retail,https://www.buzzfile.com/business/Georgia-Music-770-333-9500
"Gift, Novelty, and Souvenir Shop",Miscellaneous Retail,"https://www.buzzfile.com/business/Grace-Imports,-Inc.-404-299-0842"
"Gift, Novelty, and Souvenir Shop",Miscellaneous Retail,"https://www.buzzfile.com/business/Amazing-Items,-Inc.-714-322-6575"
"Gift, Novelty, and Souvenir Shop",Miscellaneous Retail,"https://www.buzzfile.com/business/Ganz-U.S.A.,-LLC-800-724-5902_no:16112832"
"Gift, Novelty, and Souvenir Shop",Miscellaneous Retail,https://www.buzzfile.com/business/Mulberry-Studios-770-632-0283
"Gift, Novelty, and Souvenir Shop",Miscellaneous Retail,https://www.buzzfile.com/business/The-Horseshoe-Crab-LLC-912-272-1121
"Gift, Novelty, and Souvenir Shop",Miscellaneous Retail,https://www.buzzfile.com/business/Z-Cell.And.Novelties-404-298-1181
"Gift, Novelty, and Souvenir Shop",Miscellaneous Retail,https://www.buzzfile.com/business/Out-There-Sales-808-518-2030
"Gift, Novelty, and Souvenir Shop",Miscellaneous Retail,https://www.buzzfile.com/business/Peavian-Logic-808-985-8893
"Gift, Novelty, and Souvenir Shop",Miscellaneous Retail,https://www.buzzfile.com/business/Seasonal-Gifts-LLC-808-398-5636
"Gift, Novelty, and Souvenir Shop",Miscellaneous Retail,https://www.buzzfile.com/business/USS-Missouri-Ship-Store-808-455-1600
"Gift, Novelty, and Souvenir Shop",Miscellaneous Retail,https://www.buzzfile.com/business/Costasur-Imports-808-951-5002
"Gift, Novelty, and Souvenir Shop",Miscellaneous Retail,https://www.buzzfile.com/business/Blackstone-Hawaii-808-531-2643
"Gift, Novelty, and Souvenir Shop",Miscellaneous Retail,https://www.buzzfile.com/business/Ipu~Kula-Imaging-808-239-0044
"Gift, Novelty, and Souvenir Shop",Miscellaneous Retail,https://www.buzzfile.com/business/A.-J..And.W.-Incorporated-808-848-1531
"Gift, Novelty, and Souvenir Shop",Miscellaneous Retail,https://www.buzzfile.com/business/Lady-Lei-Sweet-LLC-808-392-0610
"Gift, Novelty, and Souvenir Shop",Miscellaneous Retail,https://www.buzzfile.com/business/Manhattan-Enterprises-808-845-1628
"Gift, Novelty, and Souvenir Shop",Miscellaneous Retail,"https://www.buzzfile.com/business/Tradewind-Capital,-Inc.-808-564-8200"
"Gift, Novelty, and Souvenir Shop",Miscellaneous Retail,"https://www.buzzfile.com/business/Maka-Imports-Hawaii,-Inc.-808-332-6252"
"Gift, Novelty, and Souvenir Shop",Miscellaneous Retail,https://www.buzzfile.com/business/Himc-808-681-3981
"Gift, Novelty, and Souvenir Shop",Miscellaneous Retail,https://www.buzzfile.com/business/Btm-Enterprises-808-533-4590_no:15364044
"Gift, Novelty, and Souvenir Shop",Miscellaneous Retail,https://www.buzzfile.com/business/Kenui-Quilts-808-537-9590
"Gift, Novelty, and Souvenir Shop",Miscellaneous Retail,https://www.buzzfile.com/business/Max-Imports-808-847-1168
"Gift, Novelty, and Souvenir Shop",Miscellaneous Retail,https://www.buzzfile.com/business/Welcome-To-The-Islands-808-564-8800
"Gift, Novelty, and Souvenir Shop",Miscellaneous Retail,https://www.buzzfile.com/business/Go-Green-Tea-Hawaii-808-222-2205
"Gift, Novelty, and Souvenir Shop",Miscellaneous Retail,https://www.buzzfile.com/business/We-Will-808-398-5610
"Gift, Novelty, and Souvenir Shop",Miscellaneous Retail,https://www.buzzfile.com/business/In-Harmony-With-Feng-Shui-Inc.-808-292-9087
"Gift, Novelty, and Souvenir Shop",Miscellaneous Retail,"https://www.buzzfile.com/business/Hakubundo,-Inc.-808-591-2134"
"Gift, Novelty, and Souvenir Shop",Miscellaneous Retail,https://www.buzzfile.com/business/Alii-of-Hawaii-808-597-1344
"Gift, Novelty, and Souvenir Shop",Miscellaneous Retail,https://www.buzzfile.com/business/Personal-Touch-Products-Inc-909-596-1166
"Gift, Novelty, and Souvenir Shop",Miscellaneous Retail,https://www.buzzfile.com/business/NJ-Croce-909-596-1800
"Gift, Novelty, and Souvenir Shop",Miscellaneous Retail,https://www.buzzfile.com/business/CPC-Wholesale-208-699-3133
"Gift, Novelty, and Souvenir Shop",Miscellaneous Retail,https://www.buzzfile.com/business/Credence-USA-208-524-1571
"Gift, Novelty, and Souvenir Shop",Miscellaneous Retail,"https://www.buzzfile.com/business/Corbridge!s-AG.And.Crafts,-Inc.-208-397-7073"
"Gift, Novelty, and Souvenir Shop",Miscellaneous Retail,https://www.buzzfile.com/business/Unique-Llama-Imports-208-220-3218
"Gift, Novelty, and Souvenir Shop",Miscellaneous Retail,https://www.buzzfile.com/business/My-Favorite-Things-208-467-3452
"Gift, Novelty, and Souvenir Shop",Miscellaneous Retail,"https://www.buzzfile.com/business/Gifts-By-Design,-LLC-541-232-5979"
"Gift, Novelty, and Souvenir Shop",Miscellaneous Retail,https://www.buzzfile.com/business/Bibleland-Express-208-233-8058
"Gift, Novelty, and Souvenir Shop",Miscellaneous Retail,"https://www.buzzfile.com/business/Horsey-Source,-Inc-309-444-8041"
"Gift, Novelty, and Souvenir Shop",Miscellaneous Retail,https://www.buzzfile.com/business/Four-Seasons-Distributors-Inc-618-234-1726
"Gift, Novelty, and Souvenir Shop",Miscellaneous Retail,https://www.buzzfile.com/business/Bixler.And.Johnson-847-359-6711
"Gift, Novelty, and Souvenir Shop",Miscellaneous Retail,https://www.buzzfile.com/business/Christmas-Extraordinaire-847-934-4893
"Gift, Novelty, and Souvenir Shop",Miscellaneous Retail,https://www.buzzfile.com/business/Presents-Inc-Corporate-847-509-9988
"Gift, Novelty, and Souvenir Shop",Miscellaneous Retail,"https://www.buzzfile.com/business/Cattail-Products,-Ltd.-815-589-4230"
"Gift, Novelty, and Souvenir Shop",Miscellaneous Retail,"https://www.buzzfile.com/business/Fund-Star,-Inc.-630-588-8833"
"Gift, Novelty, and Souvenir Shop",Miscellaneous Retail,https://www.buzzfile.com/business/Midwest-Gift-Exchange-708-366-4780
"Gift, Novelty, and Souvenir Shop",Miscellaneous Retail,https://www.buzzfile.com/business/Country-Lane-Collections-618-664-9121
"Gift, Novelty, and Souvenir Shop",Miscellaneous Retail,"https://www.buzzfile.com/business/Victory-Collectibles,-Ltd.-630-762-9729"
"Gift, Novelty, and Souvenir Shop",Miscellaneous Retail,https://www.buzzfile.com/business/Royal-Imports-312-925-2049
"Gift, Novelty, and Souvenir Shop",Miscellaneous Retail,"https://www.buzzfile.com/business/Biedermann.And.Sons,-Inc.-847-441-7294"
"Gift, Novelty, and Souvenir Shop",Miscellaneous Retail,"https://www.buzzfile.com/business/Teez-and-Thingz-By-Mari,-LLC-312-388-0799"
"Gift, Novelty, and Souvenir Shop",Miscellaneous Retail,https://www.buzzfile.com/business/Royal-Incense-Company-773-261-5212
"Gift, Novelty, and Souvenir Shop",Miscellaneous Retail,https://www.buzzfile.com/business/Innovations-Trading-Inc.-630-999-9360
"Gift, Novelty, and Souvenir Shop",Miscellaneous Retail,https://www.buzzfile.com/business/Stefano-S-Imports-Inc-847-872-7179
"Gift, Novelty, and Souvenir Shop",Miscellaneous Retail,https://www.buzzfile.com/business/Delta-Ukranian-Enterprise-773-235-7788
"Gift, Novelty, and Souvenir Shop",Miscellaneous Retail,"https://www.buzzfile.com/business/Baobab,-Inc.-847-541-9289"
"Gift, Novelty, and Souvenir Shop",Miscellaneous Retail,"https://www.buzzfile.com/business/Safety-Meeting-Outlines,-Inc.-815-464-0200"
"Gift, Novelty, and Souvenir Shop",Miscellaneous Retail,"https://www.buzzfile.com/business/Carlson,-Caroline.And.Co-847-256-3300"
"Gift, Novelty, and Souvenir Shop",Miscellaneous Retail,https://www.buzzfile.com/business/D.And.D-Enterprises-309-762-7051
"Gift, Novelty, and Souvenir Shop",Miscellaneous Retail,https://www.buzzfile.com/business/Sumthin!-Fun-847-948-8885
"Gift, Novelty, and Souvenir Shop",Miscellaneous Retail,"https://www.buzzfile.com/business/Rainbow-Mountain,-Inc.-630-784-1401"
"Gift, Novelty, and Souvenir Shop",Miscellaneous Retail,https://www.buzzfile.com/business/Spirit-Sales-773-774-0301
"Gift, Novelty, and Souvenir Shop",Miscellaneous Retail,"https://www.buzzfile.com/business/Tes-International,-Inc.-847-342-9980"
"Gift, Novelty, and Souvenir Shop",Miscellaneous Retail,"https://www.buzzfile.com/business/Svm,-LP-847-553-9100"
"Gift, Novelty, and Souvenir Shop",Miscellaneous Retail,https://www.buzzfile.com/business/Crash-Candles-847-818-1021
"Gift, Novelty, and Souvenir Shop",Miscellaneous Retail,https://www.buzzfile.com/business/Eb-Sport-Group-914-964-5200
"Gift, Novelty, and Souvenir Shop",Miscellaneous Retail,https://www.buzzfile.com/business/Route-66-Accesories-Company-708-246-1543
"Gift, Novelty, and Souvenir Shop",Miscellaneous Retail,https://www.buzzfile.com/business/An-Executive-Decision-773-281-2870
"Gift, Novelty, and Souvenir Shop",Miscellaneous Retail,"https://www.buzzfile.com/business/It!s-Only-Natural,-Ltd.-217-895-3378"
"Gift, Novelty, and Souvenir Shop",Miscellaneous Retail,"https://www.buzzfile.com/business/Kindred-Hearts,-Inc.-815-230-2700"
"Gift, Novelty, and Souvenir Shop",Miscellaneous Retail,https://www.buzzfile.com/business/Jack-Nadel-Inc.-312-266-4005
"Gift, Novelty, and Souvenir Shop",Miscellaneous Retail,https://www.buzzfile.com/business/JM-International-847-867-5666
"Gift, Novelty, and Souvenir Shop",Miscellaneous Retail,"https://www.buzzfile.com/business/Tripar-International,-Inc.-630-980-5100"
"Gift, Novelty, and Souvenir Shop",Miscellaneous Retail,"https://www.buzzfile.com/business/Great-Lakes-International,-Inc.-847-666-8050"
"Gift, Novelty, and Souvenir Shop",Miscellaneous Retail,https://www.buzzfile.com/business/Pumperkin-708-582-0937
"Gift, Novelty, and Souvenir Shop",Miscellaneous Retail,https://www.buzzfile.com/business/Tag-773-871-1300
"Gift, Novelty, and Souvenir Shop",Miscellaneous Retail,"https://www.buzzfile.com/business/Kh-Sports-Fan,-Inc.-815-230-2700"
"Gift, Novelty, and Souvenir Shop",Miscellaneous Retail,https://www.buzzfile.com/business/Gifts-of-Distinction-847-459-1191
"Gift, Novelty, and Souvenir Shop",Miscellaneous Retail,"https://www.buzzfile.com/business/Msrf,-Inc.-773-227-1115"
"Gift, Novelty, and Souvenir Shop",Miscellaneous Retail,https://www.buzzfile.com/business/The-Gift-Company-309-222-1194
"Gift, Novelty, and Souvenir Shop",Miscellaneous Retail,https://www.buzzfile.com/business/Tanda-Group-847-494-8814
"Gift, Novelty, and Souvenir Shop",Miscellaneous Retail,https://www.buzzfile.com/business/Patti-White.And.Co-773-334-0006
"Gift, Novelty, and Souvenir Shop",Miscellaneous Retail,"https://www.buzzfile.com/business/Morton-Suggestion-Company,-LLC-847-255-4770"
"Gift, Novelty, and Souvenir Shop",Miscellaneous Retail,https://www.buzzfile.com/business/88-Merchandise-847-228-9966
"Gift, Novelty, and Souvenir Shop",Miscellaneous Retail,https://www.buzzfile.com/business/Dm-Merchandising-800-548-6784
"Gift, Novelty, and Souvenir Shop",Miscellaneous Retail,https://www.buzzfile.com/business/Juarez-Sewing-Room-630-293-7210
"Gift, Novelty, and Souvenir Shop",Miscellaneous Retail,https://www.buzzfile.com/business/The-Happiness-Effect-LLC-224-706-0089
"Gift, Novelty, and Souvenir Shop",Miscellaneous Retail,"https://www.buzzfile.com/business/Xdora,-LLC-800-736-3383"
"Gift, Novelty, and Souvenir Shop",Miscellaneous Retail,"https://www.buzzfile.com/business/Horner-Novelty-Co.,-Inc.-812-283-5050"
"Gift, Novelty, and Souvenir Shop",Miscellaneous Retail,https://www.buzzfile.com/business/Kipp-Brothers-317-704-8120
"Gift, Novelty, and Souvenir Shop",Miscellaneous Retail,"https://www.buzzfile.com/business/Funtastic-Novelties,-Inc.-260-482-1566"
"Gift, Novelty, and Souvenir Shop",Miscellaneous Retail,https://www.buzzfile.com/business/Howe-House-Limited-Editions-765-742-6831
"Gift, Novelty, and Souvenir Shop",Miscellaneous Retail,https://www.buzzfile.com/business/A-Bushel.And.A-Peck-812-448-7012
"Gift, Novelty, and Souvenir Shop",Miscellaneous Retail,https://www.buzzfile.com/business/Superior-Giftwrap-812-949-2477
"Gift, Novelty, and Souvenir Shop",Miscellaneous Retail,"https://www.buzzfile.com/business/T.And.K-Sales,-Incorporated-317-881-5776"
"Gift, Novelty, and Souvenir Shop",Miscellaneous Retail,https://www.buzzfile.com/business/Indy-City-Giftbaskets-317-782-4438
"Gift, Novelty, and Souvenir Shop",Miscellaneous Retail,https://www.buzzfile.com/business/Applicables-317-529-4331
"Gift, Novelty, and Souvenir Shop",Miscellaneous Retail,"https://www.buzzfile.com/business/Little-Bit-Craft-Co.,-LLC-574-387-2025"
"Gift, Novelty, and Souvenir Shop",Miscellaneous Retail,https://www.buzzfile.com/business/Gift-Bags-Gone-Green-219-462-5809
"Gift, Novelty, and Souvenir Shop",Miscellaneous Retail,https://www.buzzfile.com/business/S-Ct!-Wholesale-812-753-4217
"Gift, Novelty, and Souvenir Shop",Miscellaneous Retail,https://www.buzzfile.com/business/Lighten-Up-For-Less-Imports-LLC-812-430-8233
"Gift, Novelty, and Souvenir Shop",Miscellaneous Retail,"https://www.buzzfile.com/business/Jk-Creative-Wood,-L.L.C.-319-656-3990"
"Gift, Novelty, and Souvenir Shop",Miscellaneous Retail,https://www.buzzfile.com/business/Heart-of-Iowa-Marketplace-515-274-4692
"Gift, Novelty, and Souvenir Shop",Miscellaneous Retail,"https://www.buzzfile.com/business/Heritage-Midwest,-Inc.-641-628-9141"
"Gift, Novelty, and Souvenir Shop",Miscellaneous Retail,https://www.buzzfile.com/business/D.And.S-Enterprises-563-285-4765
"Gift, Novelty, and Souvenir Shop",Miscellaneous Retail,https://www.buzzfile.com/business/Deca-Merchandise-319-257-6856
"Gift, Novelty, and Souvenir Shop",Miscellaneous Retail,https://www.buzzfile.com/business/Pan~O~Rama-Gifts-Inc.-563-556-8884
"Gift, Novelty, and Souvenir Shop",Miscellaneous Retail,https://www.buzzfile.com/business/Prasad-Incense-641-472-4334
"Gift, Novelty, and Souvenir Shop",Miscellaneous Retail,"https://www.buzzfile.com/business/D.F.-Sales,-Inc.-712-322-0716"
"Gift, Novelty, and Souvenir Shop",Miscellaneous Retail,"https://www.buzzfile.com/business/Saunders-Solutions,-Corp.-319-610-1910"
"Gift, Novelty, and Souvenir Shop",Miscellaneous Retail,https://www.buzzfile.com/business/Kitts-Fund-Raising-Supply-515-981-0092
"Gift, Novelty, and Souvenir Shop",Miscellaneous Retail,https://www.buzzfile.com/business/Country-Family-641-927-4643
"Gift, Novelty, and Souvenir Shop",Miscellaneous Retail,"https://www.buzzfile.com/business/Finders-Keepers-Gifts,-LLC-641-324-9954"
"Gift, Novelty, and Souvenir Shop",Miscellaneous Retail,https://www.buzzfile.com/business/Uzma-International-913-599-6659
"Gift, Novelty, and Souvenir Shop",Miscellaneous Retail,"https://www.buzzfile.com/business/Ted-Wright.And.Associates,-Inc-913-888-4300"
"Gift, Novelty, and Souvenir Shop",Miscellaneous Retail,"https://www.buzzfile.com/business/Glover,-Inc.-800-654-1511"
"Gift, Novelty, and Souvenir Shop",Miscellaneous Retail,https://www.buzzfile.com/business/Kansas-Marketing-Co-913-897-2940
"Gift, Novelty, and Souvenir Shop",Miscellaneous Retail,https://www.buzzfile.com/business/Abundant-Blessings-Christn-Str-785-825-4041
"Gift, Novelty, and Souvenir Shop",Miscellaneous Retail,https://www.buzzfile.com/business/Uniquely-Yours-913-451-6309
"Gift, Novelty, and Souvenir Shop",Miscellaneous Retail,https://www.buzzfile.com/business/Heart-Leigh-Collection-Inc-913-402-9012
"Gift, Novelty, and Souvenir Shop",Miscellaneous Retail,https://www.buzzfile.com/business/Mer-Sea-816-974-3115
"Gift, Novelty, and Souvenir Shop",Miscellaneous Retail,https://www.buzzfile.com/business/Hill!s-Tech-Center-785-286-1451
"Gift, Novelty, and Souvenir Shop",Miscellaneous Retail,https://www.buzzfile.com/business/Budget-Mobile-Homes-620-442-9225
"Gift, Novelty, and Souvenir Shop",Miscellaneous Retail,https://www.buzzfile.com/business/The-Third-Planet-Inc-785-228-2251
"Gift, Novelty, and Souvenir Shop",Miscellaneous Retail,https://www.buzzfile.com/business/Wholesale-Unlimited-785-827-7165
"Gift, Novelty, and Souvenir Shop",Miscellaneous Retail,https://www.buzzfile.com/business/Prizm-Incorporated-785-456-1831
"Gift, Novelty, and Souvenir Shop",Miscellaneous Retail,https://www.buzzfile.com/business/Third-Planet-Imports-785-843-6871
"Gift, Novelty, and Souvenir Shop",Miscellaneous Retail,https://www.buzzfile.com/business/My-Gifting-Solutions-316-721-3422
"Gift, Novelty, and Souvenir Shop",Miscellaneous Retail,https://www.buzzfile.com/business/Boone-Associates-913-491-5224
"Gift, Novelty, and Souvenir Shop",Miscellaneous Retail,https://www.buzzfile.com/business/Jostens~Stewart-Cropper-913-648-4994
"Gift, Novelty, and Souvenir Shop",Miscellaneous Retail,https://www.buzzfile.com/business/Alltrade-Property-Management-502-562-1985
"Gift, Novelty, and Souvenir Shop",Miscellaneous Retail,https://www.buzzfile.com/business/J.And.S-Distributors-LLC-502-244-6299
"Gift, Novelty, and Souvenir Shop",Miscellaneous Retail,https://www.buzzfile.com/business/Kentucky-Souvenir-Sales-859-734-5192
"Gift, Novelty, and Souvenir Shop",Miscellaneous Retail,https://www.buzzfile.com/business/Thompson-Mfg-Reps-606-789-9326
"Gift, Novelty, and Souvenir Shop",Miscellaneous Retail,"https://www.buzzfile.com/business/Commotion-,-Inc.-859-552-5983"
"Gift, Novelty, and Souvenir Shop",Miscellaneous Retail,https://www.buzzfile.com/business/Annamaries-Import-859-299-5656
"Gift, Novelty, and Souvenir Shop",Miscellaneous Retail,https://www.buzzfile.com/business/Card-It-606-271-1970
"Gift, Novelty, and Souvenir Shop",Miscellaneous Retail,https://www.buzzfile.com/business/Ken-Burchett.And.Associates-859-299-9632
"Gift, Novelty, and Souvenir Shop",Miscellaneous Retail,"https://www.buzzfile.com/business/Horner-Novelty-Co.,-Inc.-502-361-2274"
"Gift, Novelty, and Souvenir Shop",Miscellaneous Retail,https://www.buzzfile.com/business/Jimmie-Conti.And.Son-502-895-0689
"Gift, Novelty, and Souvenir Shop",Miscellaneous Retail,https://www.buzzfile.com/business/Dixie-Novelty-Inc-859-393-1336
"Gift, Novelty, and Souvenir Shop",Miscellaneous Retail,https://www.buzzfile.com/business/Proforma-Rich-Solutions-502-614-6176
"Gift, Novelty, and Souvenir Shop",Miscellaneous Retail,"https://www.buzzfile.com/business/Jcam-Graphics,-Inc.-502-386-4015"
"Gift, Novelty, and Souvenir Shop",Miscellaneous Retail,"https://www.buzzfile.com/business/Bourbon-Street-Trading-Co.,-Inc.-504-837-9195"
"Gift, Novelty, and Souvenir Shop",Miscellaneous Retail,https://www.buzzfile.com/business/The-Trafalgar-Co-LLC-504-712-7100
"Gift, Novelty, and Souvenir Shop",Miscellaneous Retail,https://www.buzzfile.com/business/Remember-ME-337-266-9888
"Gift, Novelty, and Souvenir Shop",Miscellaneous Retail,https://www.buzzfile.com/business/Created-By-Mechel-337-266-5324
"Gift, Novelty, and Souvenir Shop",Miscellaneous Retail,https://www.buzzfile.com/business/Porcelain-Products-of-New-Orleans-504-463-0421
"Gift, Novelty, and Souvenir Shop",Miscellaneous Retail,https://www.buzzfile.com/business/Simply-Southern-Fine-Art-and-985-871-1466
"Gift, Novelty, and Souvenir Shop",Miscellaneous Retail,https://www.buzzfile.com/business/Weh-International-504-469-6890
"Gift, Novelty, and Souvenir Shop",Miscellaneous Retail,https://www.buzzfile.com/business/Cane-River-Pecan-Co.-337-365-4136
"Gift, Novelty, and Souvenir Shop",Miscellaneous Retail,https://www.buzzfile.com/business/General-Goods-of-Louisiana-225-928-3311
"Gift, Novelty, and Souvenir Shop",Miscellaneous Retail,https://www.buzzfile.com/business/H.-F.-Beck-Co.-985-892-7497
"Gift, Novelty, and Souvenir Shop",Miscellaneous Retail,https://www.buzzfile.com/business/Sun-Products-985-646-0407
"Gift, Novelty, and Souvenir Shop",Miscellaneous Retail,https://www.buzzfile.com/business/Souther-Fossil.And.Minerals-504-733-1983
"Gift, Novelty, and Souvenir Shop",Miscellaneous Retail,https://www.buzzfile.com/business/Faust-Heirlooms-337-365-0741
"Gift, Novelty, and Souvenir Shop",Miscellaneous Retail,https://www.buzzfile.com/business/Generations-Retail.And.Wholesale-318-742-6970
"Gift, Novelty, and Souvenir Shop",Miscellaneous Retail,https://www.buzzfile.com/business/Drusilla-Imports-225-952-9127
"Gift, Novelty, and Souvenir Shop",Miscellaneous Retail,"https://www.buzzfile.com/business/It!s-All-About-ME-of-New-Orleans,-LLC-504-915-8264"
"Gift, Novelty, and Souvenir Shop",Miscellaneous Retail,"https://www.buzzfile.com/business/Cunningham-Enterprises,-Inc.-504-945-6500"
"Gift, Novelty, and Souvenir Shop",Miscellaneous Retail,https://www.buzzfile.com/business/Edgar-Stein-Co-504-282-5918
"Gift, Novelty, and Souvenir Shop",Miscellaneous Retail,https://www.buzzfile.com/business/Louisiana-Variety-Wholesale-Co-504-895-2515
"Gift, Novelty, and Souvenir Shop",Miscellaneous Retail,https://www.buzzfile.com/business/Baltville-Gifts-Candle-House-Imports-318-925-2569
"Gift, Novelty, and Souvenir Shop",Miscellaneous Retail,https://www.buzzfile.com/business/Earth-Sun-Moon-Trading-Co-207-785-6550
"Gift, Novelty, and Souvenir Shop",Miscellaneous Retail,https://www.buzzfile.com/business/Northwoods-Angels-207-743-6715
"Gift, Novelty, and Souvenir Shop",Miscellaneous Retail,https://www.buzzfile.com/business/Debbah-Gift-Shop-207-288-5161
"Gift, Novelty, and Souvenir Shop",Miscellaneous Retail,"https://www.buzzfile.com/business/Lux-Box-Company,-Inc.-301-832-0622"
"Gift, Novelty, and Souvenir Shop",Miscellaneous Retail,https://www.buzzfile.com/business/Winter-Wind-Designs-207-667-5623
"Gift, Novelty, and Souvenir Shop",Miscellaneous Retail,https://www.buzzfile.com/business/SE-Vende-Imports-207-563-2263_no:16445872
"Gift, Novelty, and Souvenir Shop",Miscellaneous Retail,https://www.buzzfile.com/business/Marlows-207-985-2931
"Gift, Novelty, and Souvenir Shop",Miscellaneous Retail,"https://www.buzzfile.com/business/Bch-Unique-Usa,-Inc.-800-463-4255"
"Gift, Novelty, and Souvenir Shop",Miscellaneous Retail,"https://www.buzzfile.com/business/Casey!s-Wood-Products,-Inc.-207-882-6554"
"Gift, Novelty, and Souvenir Shop",Miscellaneous Retail,https://www.buzzfile.com/business/Daniel-Leblanc-619-665-1803
"Gift, Novelty, and Souvenir Shop",Miscellaneous Retail,https://www.buzzfile.com/business/Bimbo-Bkeries-Authorized-Distr-207-522-7977
"Gift, Novelty, and Souvenir Shop",Miscellaneous Retail,https://www.buzzfile.com/business/Cape-Shore-207-846-3726
"Gift, Novelty, and Souvenir Shop",Miscellaneous Retail,"https://www.buzzfile.com/business/Sweetumsinc,-Inc.-443-819-6585"
"Gift, Novelty, and Souvenir Shop",Miscellaneous Retail,https://www.buzzfile.com/business/Ptw-Wholesalers-410-323-9047
"Gift, Novelty, and Souvenir Shop",Miscellaneous Retail,https://www.buzzfile.com/business/My-Favorite-Imports-LLC-301-388-0752
"Gift, Novelty, and Souvenir Shop",Miscellaneous Retail,https://www.buzzfile.com/business/Tinangel-301-926-5897
"Gift, Novelty, and Souvenir Shop",Miscellaneous Retail,https://www.buzzfile.com/business/John-Grob-Associates-301-933-8657
"Gift, Novelty, and Souvenir Shop",Miscellaneous Retail,https://www.buzzfile.com/business/Green-Pastures-Wholesale-Inc.-410-242-0588
"Gift, Novelty, and Souvenir Shop",Miscellaneous Retail,https://www.buzzfile.com/business/Gbcietc-301-699-1998
"Gift, Novelty, and Souvenir Shop",Miscellaneous Retail,https://www.buzzfile.com/business/Barnstorming-Designs-Ltd-301-695-6091
"Gift, Novelty, and Souvenir Shop",Miscellaneous Retail,https://www.buzzfile.com/business/Country-House-Collection-The-410-749-9420
"Gift, Novelty, and Souvenir Shop",Miscellaneous Retail,https://www.buzzfile.com/business/Round-Table-Enterprises-410-367-0310
"Gift, Novelty, and Souvenir Shop",Miscellaneous Retail,https://www.buzzfile.com/business/May-Rhythm-301-642-5447
"Gift, Novelty, and Souvenir Shop",Miscellaneous Retail,"https://www.buzzfile.com/business/Becket-Hitch,-LLC-410-296-4818"
"Gift, Novelty, and Souvenir Shop",Miscellaneous Retail,"https://www.buzzfile.com/business/Hestia-Creations,-Inc.-781-639-2727"
"Gift, Novelty, and Souvenir Shop",Miscellaneous Retail,https://www.buzzfile.com/business/ME.And.My-Ideas-781-837-0623
"Gift, Novelty, and Souvenir Shop",Miscellaneous Retail,https://www.buzzfile.com/business/Esquire-Gifts-978-686-8262
"Gift, Novelty, and Souvenir Shop",Miscellaneous Retail,"https://www.buzzfile.com/business/Mariposa,-Ltd.-978-526-9944"
"Gift, Novelty, and Souvenir Shop",Miscellaneous Retail,https://www.buzzfile.com/business/Recognition-Awards-413-267-3551
"Gift, Novelty, and Souvenir Shop",Miscellaneous Retail,https://www.buzzfile.com/business/Select-Marketing-and-Distribution-Inc.-413-535-2300
"Gift, Novelty, and Souvenir Shop",Miscellaneous Retail,https://www.buzzfile.com/business/Bayrds-Indian-Trading-Post-978-357-3525
"Gift, Novelty, and Souvenir Shop",Miscellaneous Retail,"https://www.buzzfile.com/business/Mooneytunco,-Inc.-781-331-5308"
"Gift, Novelty, and Souvenir Shop",Miscellaneous Retail,https://www.buzzfile.com/business/Lapace-Imports-Peter-Pira-781-729-2591
"Gift, Novelty, and Souvenir Shop",Miscellaneous Retail,https://www.buzzfile.com/business/Colette-Glass-Designs-508-428-0976
"Gift, Novelty, and Souvenir Shop",Miscellaneous Retail,https://www.buzzfile.com/business/Art-Wax-781-477-1984
"Gift, Novelty, and Souvenir Shop",Miscellaneous Retail,https://www.buzzfile.com/business/Imports-Umlimited-978-921-8779
"Gift, Novelty, and Souvenir Shop",Miscellaneous Retail,https://www.buzzfile.com/business/Musicandle-978-362-1248
"Gift, Novelty, and Souvenir Shop",Miscellaneous Retail,https://www.buzzfile.com/business/Elite-Ideas-Trading-Inc-508-695-3988
"Gift, Novelty, and Souvenir Shop",Miscellaneous Retail,https://www.buzzfile.com/business/Country-Hearts-508-984-3439
"Gift, Novelty, and Souvenir Shop",Miscellaneous Retail,https://www.buzzfile.com/business/Pap-USA-508-992-5424
"Gift, Novelty, and Souvenir Shop",Miscellaneous Retail,https://www.buzzfile.com/business/Village-Trading-Company-508-356-3093
"Gift, Novelty, and Souvenir Shop",Miscellaneous Retail,https://www.buzzfile.com/business/The-Barn.And.Co-508-385-2100
"Gift, Novelty, and Souvenir Shop",Miscellaneous Retail,https://www.buzzfile.com/business/Cover-Up-781-297-7610
"Gift, Novelty, and Souvenir Shop",Miscellaneous Retail,https://www.buzzfile.com/business/Dei-800-430-5665
"Gift, Novelty, and Souvenir Shop",Miscellaneous Retail,https://www.buzzfile.com/business/Watermelon-781-741-5025
"Gift, Novelty, and Souvenir Shop",Miscellaneous Retail,"https://www.buzzfile.com/business/Milson.And.Louis-Investment,-Inc.-781-639-7838"
"Gift, Novelty, and Souvenir Shop",Miscellaneous Retail,https://www.buzzfile.com/business/East-Wind-Company-Inc-413-534-4079
"Gift, Novelty, and Souvenir Shop",Miscellaneous Retail,"https://www.buzzfile.com/business/Freedman,-Alan-Enterprises-781-821-0015"
"Gift, Novelty, and Souvenir Shop",Miscellaneous Retail,https://www.buzzfile.com/business/La-Botica-978-459-0565
"Gift, Novelty, and Souvenir Shop",Miscellaneous Retail,https://www.buzzfile.com/business/University-Outfitters-LLC-617-398-0070
"Gift, Novelty, and Souvenir Shop",Miscellaneous Retail,"https://www.buzzfile.com/business/Novelties-Wholesale,-Inc.-508-393-5122"
"Gift, Novelty, and Souvenir Shop",Miscellaneous Retail,https://www.buzzfile.com/business/Period-Packs-Inc.-978-994-1447
"Gift, Novelty, and Souvenir Shop",Miscellaneous Retail,"https://www.buzzfile.com/business/International-Imports,-Inc.-508-675-2693"
"Gift, Novelty, and Souvenir Shop",Miscellaneous Retail,"https://www.buzzfile.com/business/Enchanted-World-of-Boxes,-Inc.-617-492-6941"
"Gift, Novelty, and Souvenir Shop",Miscellaneous Retail,https://www.buzzfile.com/business/Way-of-Life-508-429-2945
"Gift, Novelty, and Souvenir Shop",Miscellaneous Retail,https://www.buzzfile.com/business/Dold-Marketing-Associates-508-651-2649
"Gift, Novelty, and Souvenir Shop",Miscellaneous Retail,https://www.buzzfile.com/business/Regina-Gifts-781-665-8542
"Gift, Novelty, and Souvenir Shop",Miscellaneous Retail,https://www.buzzfile.com/business/March-Paul-Ltd-508-252-2323
"Gift, Novelty, and Souvenir Shop",Miscellaneous Retail,https://www.buzzfile.com/business/Scandia-Specialities-508-753-7397
"Gift, Novelty, and Souvenir Shop",Miscellaneous Retail,https://www.buzzfile.com/business/Priceless-Sales-Inc.-781-599-1894
"Gift, Novelty, and Souvenir Shop",Miscellaneous Retail,"https://www.buzzfile.com/business/RR-Traders,-Inc.-978-358-8048"
"Gift, Novelty, and Souvenir Shop",Miscellaneous Retail,https://www.buzzfile.com/business/Dick-Moby-Marine-Specialties-Inc-508-994-5024
"Gift, Novelty, and Souvenir Shop",Miscellaneous Retail,https://www.buzzfile.com/business/Bumbl~B-Ceramics-508-994-8613
"Gift, Novelty, and Souvenir Shop",Miscellaneous Retail,https://www.buzzfile.com/business/IMC-Candle-Corporation-781-646-1028
"Gift, Novelty, and Souvenir Shop",Miscellaneous Retail,"https://www.buzzfile.com/business/Key-Connection,-Inc.-781-899-2387"
"Gift, Novelty, and Souvenir Shop",Miscellaneous Retail,https://www.buzzfile.com/business/Upper-Deck-Ltd-508-992-3827
"Gift, Novelty, and Souvenir Shop",Miscellaneous Retail,"https://www.buzzfile.com/business/Bluesky-Brands,-Inc.-617-254-3855"
"Gift, Novelty, and Souvenir Shop",Miscellaneous Retail,https://www.buzzfile.com/business/Novelty-House-248-583-9900
"Gift, Novelty, and Souvenir Shop",Miscellaneous Retail,"https://www.buzzfile.com/business/STP-Distributing,-LLC-248-681-5554"
"Gift, Novelty, and Souvenir Shop",Miscellaneous Retail,"https://www.buzzfile.com/business/S.And.H-Marketing,-Inc.-248-539-0137"
"Gift, Novelty, and Souvenir Shop",Miscellaneous Retail,https://www.buzzfile.com/business/Cornerstone.And.You-248-620-2283
"Gift, Novelty, and Souvenir Shop",Miscellaneous Retail,https://www.buzzfile.com/business/Sanford-Walkon-Enterprises-248-792-7501
"Gift, Novelty, and Souvenir Shop",Miscellaneous Retail,https://www.buzzfile.com/business/Zoub-Enterprises-Ltd-586-781-3155
"Gift, Novelty, and Souvenir Shop",Miscellaneous Retail,https://www.buzzfile.com/business/Farhat!s-Distributing-616-453-0602
"Gift, Novelty, and Souvenir Shop",Miscellaneous Retail,https://www.buzzfile.com/business/H%26H-Distributors-810-640-8448
"Gift, Novelty, and Souvenir Shop",Miscellaneous Retail,"https://www.buzzfile.com/business/Heeney-Company,-Inc.-404-351-0000"
"Gift, Novelty, and Souvenir Shop",Miscellaneous Retail,https://www.buzzfile.com/business/Minds-Eye-Design-LLC-989-493-1804
"Gift, Novelty, and Souvenir Shop",Miscellaneous Retail,https://www.buzzfile.com/business/Coolstuffexpress-231-421-5888
"Gift, Novelty, and Souvenir Shop",Miscellaneous Retail,"https://www.buzzfile.com/business/Sunderman-Distributing,-Inc.-989-828-5008"
"Gift, Novelty, and Souvenir Shop",Miscellaneous Retail,https://www.buzzfile.com/business/Adventure-Marketing-Co.-517-622-3506
"Gift, Novelty, and Souvenir Shop",Miscellaneous Retail,https://www.buzzfile.com/business/Precious-Art-Inc.-734-332-8773
"Gift, Novelty, and Souvenir Shop",Miscellaneous Retail,https://www.buzzfile.com/business/Catchamemory-Balls-616-541-0112
"Gift, Novelty, and Souvenir Shop",Miscellaneous Retail,"https://www.buzzfile.com/business/Century-Novelty-Company,-Inc.-734-464-0590"
"Gift, Novelty, and Souvenir Shop",Miscellaneous Retail,https://www.buzzfile.com/business/Kyco-Incorporated-810-658-2412
"Gift, Novelty, and Souvenir Shop",Miscellaneous Retail,https://www.buzzfile.com/business/Backpackjack-734-422-3437
"Gift, Novelty, and Souvenir Shop",Miscellaneous Retail,https://www.buzzfile.com/business/Bear-Tracks-517-592-3989
"Gift, Novelty, and Souvenir Shop",Miscellaneous Retail,https://www.buzzfile.com/business/Wright-Sales-616-457-3880
"Gift, Novelty, and Souvenir Shop",Miscellaneous Retail,https://www.buzzfile.com/business/Better-Way-Imports-LLC-616-516-1864
"Gift, Novelty, and Souvenir Shop",Miscellaneous Retail,https://www.buzzfile.com/business/Wright-Marketing-313-680-1689
"Gift, Novelty, and Souvenir Shop",Miscellaneous Retail,"https://www.buzzfile.com/business/National-Specialty-Sales,-LLC-248-767-4706"
"Gift, Novelty, and Souvenir Shop",Miscellaneous Retail,https://www.buzzfile.com/business/Zombies.And.Time-Mchs-Emporium-734-497-0607
"Gift, Novelty, and Souvenir Shop",Miscellaneous Retail,https://www.buzzfile.com/business/Bna-Empowerment-Group-248-867-7530
"Gift, Novelty, and Souvenir Shop",Miscellaneous Retail,"https://www.buzzfile.com/business/Lovegrove!s-Wholesale,-Inc.-810-629-7967"
"Gift, Novelty, and Souvenir Shop",Miscellaneous Retail,"https://www.buzzfile.com/business/Connors,-Inc.-586-775-3326"
"Gift, Novelty, and Souvenir Shop",Miscellaneous Retail,https://www.buzzfile.com/business/Shamonj-Gifts.And.Creations-LLC-313-375-1073_no:8618987
"Gift, Novelty, and Souvenir Shop",Miscellaneous Retail,https://www.buzzfile.com/business/North-Shore-Sales-231-267-5467
"Gift, Novelty, and Souvenir Shop",Miscellaneous Retail,https://www.buzzfile.com/business/K.And.D-Wholesale.And.Embroidery-989-873-5850
"Gift, Novelty, and Souvenir Shop",Miscellaneous Retail,https://www.buzzfile.com/business/Direct-Mint-616-676-9026
"Gift, Novelty, and Souvenir Shop",Miscellaneous Retail,https://www.buzzfile.com/business/Fields-Advertising-LLC-989-792-5600
"Gift, Novelty, and Souvenir Shop",Miscellaneous Retail,https://www.buzzfile.com/business/Outlet-Stores-231-777-1155
"Gift, Novelty, and Souvenir Shop",Miscellaneous Retail,"https://www.buzzfile.com/business/Keweenaw-Gem.And.Gift,-Inc.-906-482-8447"
"Gift, Novelty, and Souvenir Shop",Miscellaneous Retail,https://www.buzzfile.com/business/Heard.io-Inc.-954-649-2289
"Gift, Novelty, and Souvenir Shop",Miscellaneous Retail,https://www.buzzfile.com/business/Northwoods-General-Store-and-Coffeehouse-LLC-906-224-1164
"Gift, Novelty, and Souvenir Shop",Miscellaneous Retail,https://www.buzzfile.com/business/Blot-Designs-L.L.C.-586-257-3147
"Gift, Novelty, and Souvenir Shop",Miscellaneous Retail,"https://www.buzzfile.com/business/Alger-Sales-Associates,-Ltd.-810-735-7054"
"Gift, Novelty, and Souvenir Shop",Miscellaneous Retail,https://www.buzzfile.com/business/Fun-Services-269-763-3233
"Gift, Novelty, and Souvenir Shop",Miscellaneous Retail,https://www.buzzfile.com/business/Home-Tweet-Home-Mosaics.And.More-734-778-1119
"Gift, Novelty, and Souvenir Shop",Miscellaneous Retail,https://www.buzzfile.com/business/Justin-Bay-Co-989-781-0634
"Gift, Novelty, and Souvenir Shop",Miscellaneous Retail,https://www.buzzfile.com/business/Elite-Repeat-Resale-248-828-4343
"Gift, Novelty, and Souvenir Shop",Miscellaneous Retail,https://www.buzzfile.com/business/Le-Peddler-248-474-0321
"Gift, Novelty, and Souvenir Shop",Miscellaneous Retail,https://www.buzzfile.com/business/Amber!s-Hallmark-Shop-2-734-462-0630
"Gift, Novelty, and Souvenir Shop",Miscellaneous Retail,https://www.buzzfile.com/business/Kym-Kleckner-810-239-8188
"Gift, Novelty, and Souvenir Shop",Miscellaneous Retail,https://www.buzzfile.com/business/Greenspring-Company-651-290-1552
"Gift, Novelty, and Souvenir Shop",Miscellaneous Retail,https://www.buzzfile.com/business/Potpourri-Gift-763-591-5111
"Gift, Novelty, and Souvenir Shop",Miscellaneous Retail,"https://www.buzzfile.com/business/Grand-Concept-Marketing,-LLC-763-513-9595"
"Gift, Novelty, and Souvenir Shop",Miscellaneous Retail,https://www.buzzfile.com/business/J-P-W-S-U-Direct-952-934-3584
"Gift, Novelty, and Souvenir Shop",Miscellaneous Retail,https://www.buzzfile.com/business/Faraway-Places-Import-LLC-952-476-4085
"Gift, Novelty, and Souvenir Shop",Miscellaneous Retail,"https://www.buzzfile.com/business/Doug-Thorson-Sales-Company,-Inc.-218-736-2396"
"Gift, Novelty, and Souvenir Shop",Miscellaneous Retail,https://www.buzzfile.com/business/Cose-Nuove-Incorporated-952-767-3668
"Gift, Novelty, and Souvenir Shop",Miscellaneous Retail,https://www.buzzfile.com/business/Ceci-Cela-612-598-2336
"Gift, Novelty, and Souvenir Shop",Miscellaneous Retail,"https://www.buzzfile.com/business/Nmn,-Inc.-218-692-3377"
"Gift, Novelty, and Souvenir Shop",Miscellaneous Retail,"https://www.buzzfile.com/business/Memory-Jars,-Inc.-763-754-5525"
"Gift, Novelty, and Souvenir Shop",Miscellaneous Retail,https://www.buzzfile.com/business/S-and-S-Supply-218-586-2997
"Gift, Novelty, and Souvenir Shop",Miscellaneous Retail,https://www.buzzfile.com/business/Crafts-Etc-507-451-2100
"Gift, Novelty, and Souvenir Shop",Miscellaneous Retail,https://www.buzzfile.com/business/Iiac-International-612-724-7244
"Gift, Novelty, and Souvenir Shop",Miscellaneous Retail,"https://www.buzzfile.com/business/Wood-You-Tell-Me,-Inc-218-846-0100"
"Gift, Novelty, and Souvenir Shop",Miscellaneous Retail,https://www.buzzfile.com/business/Harburn-Enterprises-Inc-651-450-5534
"Gift, Novelty, and Souvenir Shop",Miscellaneous Retail,https://www.buzzfile.com/business/Boboco-LLC-952-932-7191
"Gift, Novelty, and Souvenir Shop",Miscellaneous Retail,https://www.buzzfile.com/business/Corporate-Advertising.And.Incentives-LLC-763-559-8388
"Gift, Novelty, and Souvenir Shop",Miscellaneous Retail,https://www.buzzfile.com/business/Fihese!-Imports-612-825-4161
"Gift, Novelty, and Souvenir Shop",Miscellaneous Retail,https://www.buzzfile.com/business/Jt-Ideas-LLC-507-377-8799
"Gift, Novelty, and Souvenir Shop",Miscellaneous Retail,"https://www.buzzfile.com/business/Trend-Lab,-LLC-952-890-6700"
"Gift, Novelty, and Souvenir Shop",Miscellaneous Retail,https://www.buzzfile.com/business/The-Will!s-Company-Inc-507-835-2670
"Gift, Novelty, and Souvenir Shop",Miscellaneous Retail,https://www.buzzfile.com/business/House-of-Miers-651-208-1218
"Gift, Novelty, and Souvenir Shop",Miscellaneous Retail,"https://www.buzzfile.com/business/Ukrainian-Gift-Shop,-Inc.-651-638-9700"
"Gift, Novelty, and Souvenir Shop",Miscellaneous Retail,https://www.buzzfile.com/business/Gift-Connection-Minneapolis-763-425-8666
"Gift, Novelty, and Souvenir Shop",Miscellaneous Retail,"https://www.buzzfile.com/business/G.And.G-Mfg..And.Souvenir,-Inc.-763-789-4131"
"Gift, Novelty, and Souvenir Shop",Miscellaneous Retail,https://www.buzzfile.com/business/Prism-Specialties-763-786-8008
"Gift, Novelty, and Souvenir Shop",Miscellaneous Retail,https://www.buzzfile.com/business/Garden-Gallery-320-763-3313
"Gift, Novelty, and Souvenir Shop",Miscellaneous Retail,https://www.buzzfile.com/business/The-Susan.And.Company-952-935-0099
"Gift, Novelty, and Souvenir Shop",Miscellaneous Retail,https://www.buzzfile.com/business/Gift-Street-Incorporated-952-945-0705_no:17877433
"Gift, Novelty, and Souvenir Shop",Miscellaneous Retail,"https://www.buzzfile.com/business/Midwest~Cbk,-LLC-507-263-4261"
"Gift, Novelty, and Souvenir Shop",Miscellaneous Retail,https://www.buzzfile.com/business/Hairy-Mosquito-Trading-Company-320-983-5240
"Gift, Novelty, and Souvenir Shop",Miscellaneous Retail,"https://www.buzzfile.com/business/Sylvester,-Richard-218-354-2146"
"Gift, Novelty, and Souvenir Shop",Miscellaneous Retail,https://www.buzzfile.com/business/One-Hundred-80-Degrees-Design-LLC-612-804-4983
"Gift, Novelty, and Souvenir Shop",Miscellaneous Retail,https://www.buzzfile.com/business/All-My-Children-Novlt.And.Gifts-763-545-0700
"Gift, Novelty, and Souvenir Shop",Miscellaneous Retail,https://www.buzzfile.com/business/Alpha-Apparel.And.Promotions-763-923-1032_no:15977134
"Gift, Novelty, and Souvenir Shop",Miscellaneous Retail,"https://www.buzzfile.com/business/Globo-Tec,-Inc.-763-270-0069"
"Gift, Novelty, and Souvenir Shop",Miscellaneous Retail,https://www.buzzfile.com/business/Slifka-Sales-Co.-507-377-1639
"Gift, Novelty, and Souvenir Shop",Miscellaneous Retail,https://www.buzzfile.com/business/Van-Liermann.And.Associates-612-759-0708
"Gift, Novelty, and Souvenir Shop",Miscellaneous Retail,https://www.buzzfile.com/business/G-Island-Ltd-763-521-6087
"Gift, Novelty, and Souvenir Shop",Miscellaneous Retail,https://www.buzzfile.com/business/Sales-Incentive-612-382-8148
"Gift, Novelty, and Souvenir Shop",Miscellaneous Retail,"https://www.buzzfile.com/business/India-Handicrafts,-Inc.-651-582-0525"
"Gift, Novelty, and Souvenir Shop",Miscellaneous Retail,https://www.buzzfile.com/business/Berggren-Trayner-218-879-3343
"Gift, Novelty, and Souvenir Shop",Miscellaneous Retail,https://www.buzzfile.com/business/Sol-Organics.And.Tru-Melange-952-829-0400
"Gift, Novelty, and Souvenir Shop",Miscellaneous Retail,https://www.buzzfile.com/business/Maharaja!s-Imports-651-292-1623
"Gift, Novelty, and Souvenir Shop",Miscellaneous Retail,https://www.buzzfile.com/business/Upper-Echelon-LLC-612-999-0326
"Gift, Novelty, and Souvenir Shop",Miscellaneous Retail,"https://www.buzzfile.com/business/Bill-Parranto.And.Assoc.,-Inc.-952-236-7050"
"Gift, Novelty, and Souvenir Shop",Miscellaneous Retail,"https://www.buzzfile.com/business/M.-Cornell-Importers,-Inc.-651-633-8690"
"Gift, Novelty, and Souvenir Shop",Miscellaneous Retail,https://www.buzzfile.com/business/Mixx-Marketing-Co.-952-938-3039
"Gift, Novelty, and Souvenir Shop",Miscellaneous Retail,https://www.buzzfile.com/business/Odin-Ltd~Scan-AM-651-464-5515
"Gift, Novelty, and Souvenir Shop",Miscellaneous Retail,https://www.buzzfile.com/business/Pattys-Its-A-Girl-Thing-218-285-7103
"Gift, Novelty, and Souvenir Shop",Miscellaneous Retail,"https://www.buzzfile.com/business/Guilbert-Wholesale-Company,-LLC-601-765-6580"
"Gift, Novelty, and Souvenir Shop",Miscellaneous Retail,https://www.buzzfile.com/business/Wholesale-662-655-1096
"Gift, Novelty, and Souvenir Shop",Miscellaneous Retail,https://www.buzzfile.com/business/Ggigs-Gift-Shop-601-213-2031
"Gift, Novelty, and Souvenir Shop",Miscellaneous Retail,https://www.buzzfile.com/business/Saxon-Imports-Limited-Liability-Company-662-425-9541
"Gift, Novelty, and Souvenir Shop",Miscellaneous Retail,"https://www.buzzfile.com/business/Vibe,-LLC-866-996-2156"
"Gift, Novelty, and Souvenir Shop",Miscellaneous Retail,https://www.buzzfile.com/business/Lizbeth-Jane-Designs-662-553-4680
"Gift, Novelty, and Souvenir Shop",Miscellaneous Retail,"https://www.buzzfile.com/business/Tender-Touch,-LLC-601-307-8417"
"Gift, Novelty, and Souvenir Shop",Miscellaneous Retail,"https://www.buzzfile.com/business/Lina!s-Interiors,-Inc.-662-332-7226"
"Gift, Novelty, and Souvenir Shop",Miscellaneous Retail,https://www.buzzfile.com/business/Wigwam-Sales-573-372-5059
"Gift, Novelty, and Souvenir Shop",Miscellaneous Retail,https://www.buzzfile.com/business/A-K-S-Design.And.Marketing-314-725-0188
"Gift, Novelty, and Souvenir Shop",Miscellaneous Retail,https://www.buzzfile.com/business/Red-Bone-Products-636-257-2322
"Gift, Novelty, and Souvenir Shop",Miscellaneous Retail,https://www.buzzfile.com/business/Taba-Co-314-932-7977
"Gift, Novelty, and Souvenir Shop",Miscellaneous Retail,https://www.buzzfile.com/business/Peaxe-and-Sol-LLC-747-230-0133
"Gift, Novelty, and Souvenir Shop",Miscellaneous Retail,https://www.buzzfile.com/business/Solo-Trading-LLC-816-400-4677
"Gift, Novelty, and Souvenir Shop",Miscellaneous Retail,"https://www.buzzfile.com/business/Younghouse-Distributing-Co.,-Inc.-573-334-3910"
"Gift, Novelty, and Souvenir Shop",Miscellaneous Retail,https://www.buzzfile.com/business/Paterini-Assoc-816-436-2405
"Gift, Novelty, and Souvenir Shop",Miscellaneous Retail,https://www.buzzfile.com/business/Karen-Didion-Originals-636-279-1800_no:2316973
"Gift, Novelty, and Souvenir Shop",Miscellaneous Retail,https://www.buzzfile.com/business/Lcd-816-221-9055
"Gift, Novelty, and Souvenir Shop",Miscellaneous Retail,https://www.buzzfile.com/business/Art-Tra-Ltd-573-893-3779
"Gift, Novelty, and Souvenir Shop",Miscellaneous Retail,https://www.buzzfile.com/business/John-Hinde-Gifts-800-416-5567
"Gift, Novelty, and Souvenir Shop",Miscellaneous Retail,https://www.buzzfile.com/business/Teenie-Frog-Productions-417-705-5201
"Gift, Novelty, and Souvenir Shop",Miscellaneous Retail,"https://www.buzzfile.com/business/Wildlife-Creations,-LLC-573-696-1500"
"Gift, Novelty, and Souvenir Shop",Miscellaneous Retail,"https://www.buzzfile.com/business/Cr-Promotions-Company,-LLC-816-315-1891"
"Gift, Novelty, and Souvenir Shop",Miscellaneous Retail,https://www.buzzfile.com/business/River-Edge-Products-636-629-7300
"Gift, Novelty, and Souvenir Shop",Miscellaneous Retail,"https://www.buzzfile.com/business/Precious-Moments-Company,-Inc.-417-358-7599"
"Gift, Novelty, and Souvenir Shop",Miscellaneous Retail,https://www.buzzfile.com/business/Essential-Crafted-Designs-LLC-816-820-6775
"Gift, Novelty, and Souvenir Shop",Miscellaneous Retail,https://www.buzzfile.com/business/Fonda-Benton-Vaught-314-562-1464
"Gift, Novelty, and Souvenir Shop",Miscellaneous Retail,https://www.buzzfile.com/business/Brittany!s-Treasures-816-252-6121
"Gift, Novelty, and Souvenir Shop",Miscellaneous Retail,https://www.buzzfile.com/business/Boomland-Sq-Gifts.And.HM-Decor-417-581-6512
"Gift, Novelty, and Souvenir Shop",Miscellaneous Retail,https://www.buzzfile.com/business/Midwest-Consumer-Specialties-573-483-3109
"Gift, Novelty, and Souvenir Shop",Miscellaneous Retail,https://www.buzzfile.com/business/All-About-You-Creations-314-201-2130
"Gift, Novelty, and Souvenir Shop",Miscellaneous Retail,https://www.buzzfile.com/business/Sagebrush-Trading-Post-406-652-1922
"Gift, Novelty, and Souvenir Shop",Miscellaneous Retail,https://www.buzzfile.com/business/Big-Sky-Carvers-Retail-Gallery-406-284-3193
"Gift, Novelty, and Souvenir Shop",Miscellaneous Retail,https://www.buzzfile.com/business/Buffalo-Chips-Indian-Arts-Crft-406-656-8954
"Gift, Novelty, and Souvenir Shop",Miscellaneous Retail,https://www.buzzfile.com/business/Omaha-Fulfillment.And.Call-Ctr-402-331-1416
"Gift, Novelty, and Souvenir Shop",Miscellaneous Retail,https://www.buzzfile.com/business/Mallum.And.Associates-402-466-2424
"Gift, Novelty, and Souvenir Shop",Miscellaneous Retail,https://www.buzzfile.com/business/Internet-Fights-308-345-5487
"Gift, Novelty, and Souvenir Shop",Miscellaneous Retail,https://www.buzzfile.com/business/Sharons-Originals-402-483-1752
"Gift, Novelty, and Souvenir Shop",Miscellaneous Retail,"https://www.buzzfile.com/business/Oriental-Trading-Company,-Inc.-402-721-2230"
"Gift, Novelty, and Souvenir Shop",Miscellaneous Retail,"https://www.buzzfile.com/business/Oriental-Trading-Company,-Inc.-402-331-5511"
"Gift, Novelty, and Souvenir Shop",Miscellaneous Retail,"https://www.buzzfile.com/business/Lewonderment,-Inc-402-206-9928"
"Gift, Novelty, and Souvenir Shop",Miscellaneous Retail,https://www.buzzfile.com/business/Bert-Anderson-Colection-402-325-9122
"Gift, Novelty, and Souvenir Shop",Miscellaneous Retail,https://www.buzzfile.com/business/Ashley-Collectibles-402-934-3100
"Gift, Novelty, and Souvenir Shop",Miscellaneous Retail,https://www.buzzfile.com/business/A-2-Z-International-Inc-702-299-0076
"Gift, Novelty, and Souvenir Shop",Miscellaneous Retail,https://www.buzzfile.com/business/Trabant-Co-775-322-3302
"Gift, Novelty, and Souvenir Shop",Miscellaneous Retail,https://www.buzzfile.com/business/Village-Gifts.And.Souvenirs-702-369-8986
"Gift, Novelty, and Souvenir Shop",Miscellaneous Retail,https://www.buzzfile.com/business/The-Gift-Counselor-Inc-702-459-2580
"Gift, Novelty, and Souvenir Shop",Miscellaneous Retail,https://www.buzzfile.com/business/Southwest-Wholesalers-LLC-702-873-1336
"Gift, Novelty, and Souvenir Shop",Miscellaneous Retail,https://www.buzzfile.com/business/Kalifano-APS-702-837-6812
"Gift, Novelty, and Souvenir Shop",Miscellaneous Retail,https://www.buzzfile.com/business/Rtsi-775-352-2200
"Gift, Novelty, and Souvenir Shop",Miscellaneous Retail,https://www.buzzfile.com/business/Oreilly-Gaming-Group-Inc-702-382-3449
"Gift, Novelty, and Souvenir Shop",Miscellaneous Retail,https://www.buzzfile.com/business/Adler-Associates-702-656-9593
"Gift, Novelty, and Souvenir Shop",Miscellaneous Retail,https://www.buzzfile.com/business/A-Candlelight-Affair-Inc-702-269-7513
"Gift, Novelty, and Souvenir Shop",Miscellaneous Retail,https://www.buzzfile.com/business/S.And.R-Gift-World-702-496-6715
"Gift, Novelty, and Souvenir Shop",Miscellaneous Retail,https://www.buzzfile.com/business/Michael-Group-Inc-702-869-1639
"Gift, Novelty, and Souvenir Shop",Miscellaneous Retail,https://www.buzzfile.com/business/Gcn-702-266-6442
"Gift, Novelty, and Souvenir Shop",Miscellaneous Retail,https://www.buzzfile.com/business/Kinderwellnesstoday-702-751-5821
"Gift, Novelty, and Souvenir Shop",Miscellaneous Retail,"https://www.buzzfile.com/business/Gvw-Parts-Distribution,-LLC-866-878-5980"
"Gift, Novelty, and Souvenir Shop",Miscellaneous Retail,"https://www.buzzfile.com/business/Premium-Line,-The-800-407-2892"
"Gift, Novelty, and Souvenir Shop",Miscellaneous Retail,"https://www.buzzfile.com/business/Live-Large-,-LLC-702-277-1301"
"Gift, Novelty, and Souvenir Shop",Miscellaneous Retail,https://www.buzzfile.com/business/Scandical-702-476-1414
"Gift, Novelty, and Souvenir Shop",Miscellaneous Retail,https://www.buzzfile.com/business/Hennessy-Gift-Wrap-775-971-4065
"Gift, Novelty, and Souvenir Shop",Miscellaneous Retail,https://www.buzzfile.com/business/Illuminart-Inc-603-654-6185
"Gift, Novelty, and Souvenir Shop",Miscellaneous Retail,https://www.buzzfile.com/business/Kim!s-Hallmark-603-430-8055
"Gift, Novelty, and Souvenir Shop",Miscellaneous Retail,https://www.buzzfile.com/business/Golf-Beer-Mug-800-484-8688
"Gift, Novelty, and Souvenir Shop",Miscellaneous Retail,https://www.buzzfile.com/business/Spectrum-610-738-3300
"Gift, Novelty, and Souvenir Shop",Miscellaneous Retail,"https://www.buzzfile.com/business/Barrington-Studios-Limited,-USA-603-882-4700"
"Gift, Novelty, and Souvenir Shop",Miscellaneous Retail,https://www.buzzfile.com/business/PLM-Trading-Co-603-319-4909
"Gift, Novelty, and Souvenir Shop",Miscellaneous Retail,https://www.buzzfile.com/business/Zeiger-Enterprises-856-234-3164
"Gift, Novelty, and Souvenir Shop",Miscellaneous Retail,"https://www.buzzfile.com/business/Billco-International,-Inc-973-822-8442"
"Gift, Novelty, and Souvenir Shop",Miscellaneous Retail,https://www.buzzfile.com/business/Northland-Auction-973-226-0088
"Gift, Novelty, and Souvenir Shop",Miscellaneous Retail,https://www.buzzfile.com/business/Popular-Creations-908-822-1828
"Gift, Novelty, and Souvenir Shop",Miscellaneous Retail,https://www.buzzfile.com/business/Atlantic-Gifts-908-351-8000
"Gift, Novelty, and Souvenir Shop",Miscellaneous Retail,https://www.buzzfile.com/business/Match-Inc-201-792-9444
"Gift, Novelty, and Souvenir Shop",Miscellaneous Retail,https://www.buzzfile.com/business/A-Rosas-Distribution-Inc-786-832-9761
"Gift, Novelty, and Souvenir Shop",Miscellaneous Retail,https://www.buzzfile.com/business/Sensation-Fantasy-LLC-609-676-7567
"Gift, Novelty, and Souvenir Shop",Miscellaneous Retail,https://www.buzzfile.com/business/Lenablu-Designs-LLC-856-265-6331
"Gift, Novelty, and Souvenir Shop",Miscellaneous Retail,https://www.buzzfile.com/business/EOM-Worldwide-Distribution-LLC-718-813-2097
"Gift, Novelty, and Souvenir Shop",Miscellaneous Retail,"https://www.buzzfile.com/business/M-S-R-Imports,-Inc.-856-662-4114"
"Gift, Novelty, and Souvenir Shop",Miscellaneous Retail,https://www.buzzfile.com/business/Importers-Etc-Inc-770-263-6612
"Gift, Novelty, and Souvenir Shop",Miscellaneous Retail,https://www.buzzfile.com/business/Nanticoke-Lenni-Lenape-Indians-856-447-5134
"Gift, Novelty, and Souvenir Shop",Miscellaneous Retail,https://www.buzzfile.com/business/Neca-908-686-3300
"Gift, Novelty, and Souvenir Shop",Miscellaneous Retail,https://www.buzzfile.com/business/Madhouz-LLC-609-206-8009
"Gift, Novelty, and Souvenir Shop",Miscellaneous Retail,https://www.buzzfile.com/business/Ocean-Desert-Sales-Inc-609-407-2190
"Gift, Novelty, and Souvenir Shop",Miscellaneous Retail,https://www.buzzfile.com/business/Prayosha-Distribution-Limited-Liability-Company-732-925-6627
"Gift, Novelty, and Souvenir Shop",Miscellaneous Retail,https://www.buzzfile.com/business/Pata-Pal-973-620-9234
"Gift, Novelty, and Souvenir Shop",Miscellaneous Retail,https://www.buzzfile.com/business/Columbo-Importing-US-609-379-6257
"Gift, Novelty, and Souvenir Shop",Miscellaneous Retail,https://www.buzzfile.com/business/Y.And.H-International-Inc-908-322-9618
"Gift, Novelty, and Souvenir Shop",Miscellaneous Retail,https://www.buzzfile.com/business/Angel-Distributors-908-482-9399
"Gift, Novelty, and Souvenir Shop",Miscellaneous Retail,https://www.buzzfile.com/business/Don~Mar-Associates-908-429-1288
"Gift, Novelty, and Souvenir Shop",Miscellaneous Retail,https://www.buzzfile.com/business/Country-Bumpkins-609-448-0465
"Gift, Novelty, and Souvenir Shop",Miscellaneous Retail,https://www.buzzfile.com/business/Lladro-USA-201-527-3141
"Gift, Novelty, and Souvenir Shop",Miscellaneous Retail,https://www.buzzfile.com/business/Museum-Store-Products-Inc-973-543-7040
"Gift, Novelty, and Souvenir Shop",Miscellaneous Retail,https://www.buzzfile.com/business/Sino~Sing-International-USA-973-283-8730
"Gift, Novelty, and Souvenir Shop",Miscellaneous Retail,https://www.buzzfile.com/business/The-Royal-River-Co-609-654-4647
"Gift, Novelty, and Souvenir Shop",Miscellaneous Retail,https://www.buzzfile.com/business/Digiacopo-908-403-2058
"Gift, Novelty, and Souvenir Shop",Miscellaneous Retail,https://www.buzzfile.com/business/S-O-S-Rescue-LLC-732-775-4455
"Gift, Novelty, and Souvenir Shop",Miscellaneous Retail,https://www.buzzfile.com/business/Beacon-Point-609-729-2916
"Gift, Novelty, and Souvenir Shop",Miscellaneous Retail,https://www.buzzfile.com/business/Everlast-(kins)-Co.-Ltd.-856-270-7189
"Gift, Novelty, and Souvenir Shop",Miscellaneous Retail,https://www.buzzfile.com/business/Fun-Services-973-313-0800
"Gift, Novelty, and Souvenir Shop",Miscellaneous Retail,https://www.buzzfile.com/business/Neha!s-Creations-732-257-9041
"Gift, Novelty, and Souvenir Shop",Miscellaneous Retail,https://www.buzzfile.com/business/ABS-Products-Inc.-201-567-1686
"Gift, Novelty, and Souvenir Shop",Miscellaneous Retail,https://www.buzzfile.com/business/Modalities-201-525-2800
"Gift, Novelty, and Souvenir Shop",Miscellaneous Retail,"https://www.buzzfile.com/business/Taching,-Inc.-732-603-7877"
"Gift, Novelty, and Souvenir Shop",Miscellaneous Retail,https://www.buzzfile.com/business/Your-Star-Forever-609-468-0823
"Gift, Novelty, and Souvenir Shop",Miscellaneous Retail,https://www.buzzfile.com/business/The-Rebecca-Collection-LLC-908-221-0025
"Gift, Novelty, and Souvenir Shop",Miscellaneous Retail,https://www.buzzfile.com/business/Alan-Grant-Co-201-461-6461
"Gift, Novelty, and Souvenir Shop",Miscellaneous Retail,https://www.buzzfile.com/business/Dogs-By-Design-LLC-973-564-9180
"Gift, Novelty, and Souvenir Shop",Miscellaneous Retail,https://www.buzzfile.com/business/Sun.And.Fun-Company-609-266-3035_no:16238597
"Gift, Novelty, and Souvenir Shop",Miscellaneous Retail,https://www.buzzfile.com/business/Majestic-Housewares-856-857-0509
"Gift, Novelty, and Souvenir Shop",Miscellaneous Retail,https://www.buzzfile.com/business/Frills-732-617-8888
"Gift, Novelty, and Souvenir Shop",Miscellaneous Retail,https://www.buzzfile.com/business/Solar-Inc-201-797-0303
"Gift, Novelty, and Souvenir Shop",Miscellaneous Retail,https://www.buzzfile.com/business/Sun.And.Fun-Company-609-266-3035_no:8796360
"Gift, Novelty, and Souvenir Shop",Miscellaneous Retail,"https://www.buzzfile.com/business/Yarto-Usa,-Inc-212-658-9953"
"Gift, Novelty, and Souvenir Shop",Miscellaneous Retail,"https://www.buzzfile.com/business/Village-Pop,-Inc.-201-333-8474"
"Gift, Novelty, and Souvenir Shop",Miscellaneous Retail,https://www.buzzfile.com/business/World-End-Imports-Inc-609-463-6777
"Gift, Novelty, and Souvenir Shop",Miscellaneous Retail,https://www.buzzfile.com/business/Perfume-Inc-201-896-8139
"Gift, Novelty, and Souvenir Shop",Miscellaneous Retail,https://www.buzzfile.com/business/Adena-Inc-856-751-5477
"Gift, Novelty, and Souvenir Shop",Miscellaneous Retail,https://www.buzzfile.com/business/Maximo-Art.And.Design-Research-LLC-505-245-8700
"Gift, Novelty, and Souvenir Shop",Miscellaneous Retail,"https://www.buzzfile.com/business/Dandy-Design,-Inc-505-343-8292"
"Gift, Novelty, and Souvenir Shop",Miscellaneous Retail,https://www.buzzfile.com/business/Eagle-Feather-Gallery-575-382-0744
"Gift, Novelty, and Souvenir Shop",Miscellaneous Retail,https://www.buzzfile.com/business/Zuni-505-726-2430
"Gift, Novelty, and Souvenir Shop",Miscellaneous Retail,https://www.buzzfile.com/business/Wholesale-King-505-352-8860
"Gift, Novelty, and Souvenir Shop",Miscellaneous Retail,"https://www.buzzfile.com/business/Rio-Grande-Wholesale,-Inc.-505-242-3739"
"Gift, Novelty, and Souvenir Shop",Miscellaneous Retail,"https://www.buzzfile.com/business/D!Anz,-Ltd.-505-888-4800"
"Gift, Novelty, and Souvenir Shop",Miscellaneous Retail,https://www.buzzfile.com/business/Art-Altered-LLC-575-224-6610
"Gift, Novelty, and Souvenir Shop",Miscellaneous Retail,https://www.buzzfile.com/business/K%26R-Enterprises-505-828-9240
"Gift, Novelty, and Souvenir Shop",Miscellaneous Retail,https://www.buzzfile.com/business/Camino-Real-Imports-and-Gift-Shop-575-758-7999
"Gift, Novelty, and Souvenir Shop",Miscellaneous Retail,https://www.buzzfile.com/business/Designs-By-Sanel-505-873-4347
"Gift, Novelty, and Souvenir Shop",Miscellaneous Retail,https://www.buzzfile.com/business/H.And.L-Biz-N!-Artz-505-296-5805
"Gift, Novelty, and Souvenir Shop",Miscellaneous Retail,"https://www.buzzfile.com/business/Indian-Touch-of-Gallup,-LLC-505-722-6807"
"Gift, Novelty, and Souvenir Shop",Miscellaneous Retail,https://www.buzzfile.com/business/New-Mexico-Pottery-Company-505-722-6400
"Gift, Novelty, and Souvenir Shop",Miscellaneous Retail,https://www.buzzfile.com/business/Argento-SC-Consumer-Electronic-212-704-2006
"Gift, Novelty, and Souvenir Shop",Miscellaneous Retail,https://www.buzzfile.com/business/Ku!s-Nail.And.Spa-Corp.-212-352-0027
"Gift, Novelty, and Souvenir Shop",Miscellaneous Retail,https://www.buzzfile.com/business/A.B.-Import~Export-Company-Inc.-212-633-6010
"Gift, Novelty, and Souvenir Shop",Miscellaneous Retail,https://www.buzzfile.com/business/Royal-Imports-315-266-0202
"Gift, Novelty, and Souvenir Shop",Miscellaneous Retail,"https://www.buzzfile.com/business/Cupecoy-Home-Fashion,-Inc.-212-925-5280"
"Gift, Novelty, and Souvenir Shop",Miscellaneous Retail,https://www.buzzfile.com/business/Frank-718-784-1200
"Gift, Novelty, and Souvenir Shop",Miscellaneous Retail,https://www.buzzfile.com/business/Jack-Nadel-Inc.-516-622-1075
"Gift, Novelty, and Souvenir Shop",Miscellaneous Retail,https://www.buzzfile.com/business/Ideal-Giftware-Co-718-525-1243
"Gift, Novelty, and Souvenir Shop",Miscellaneous Retail,https://www.buzzfile.com/business/Atlas-Gift.And.Novelties-718-853-7180
"Gift, Novelty, and Souvenir Shop",Miscellaneous Retail,"https://www.buzzfile.com/business/Erbacher.And.Co.,-Inc.-914-244-3990"
"Gift, Novelty, and Souvenir Shop",Miscellaneous Retail,https://www.buzzfile.com/business/Sharchen-Imports-518-325-3120
"Gift, Novelty, and Souvenir Shop",Miscellaneous Retail,https://www.buzzfile.com/business/AMR-Designs-914-763-1978
"Gift, Novelty, and Souvenir Shop",Miscellaneous Retail,"https://www.buzzfile.com/business/Pearhead,-Inc.-718-422-0592"
"Gift, Novelty, and Souvenir Shop",Miscellaneous Retail,https://www.buzzfile.com/business/Road-Runners-LLC-917-880-9344
"Gift, Novelty, and Souvenir Shop",Miscellaneous Retail,https://www.buzzfile.com/business/Teamson-Design-Corp.-631-274-3355
"Gift, Novelty, and Souvenir Shop",Miscellaneous Retail,"https://www.buzzfile.com/business/Erjes-Enterprises,-Inc.-718-763-4902"
"Gift, Novelty, and Souvenir Shop",Miscellaneous Retail,"https://www.buzzfile.com/business/Bellina!s-Unique-Giftware,-Inc.-516-826-8986"
"Gift, Novelty, and Souvenir Shop",Miscellaneous Retail,https://www.buzzfile.com/business/Passport-Collection!s-914-345-2222
"Gift, Novelty, and Souvenir Shop",Miscellaneous Retail,https://www.buzzfile.com/business/Etna-Worldwide-Corp.-212-989-7591
"Gift, Novelty, and Souvenir Shop",Miscellaneous Retail,"https://www.buzzfile.com/business/Lladro-Usa,-Inc.-800-634-9088"
"Gift, Novelty, and Souvenir Shop",Miscellaneous Retail,https://www.buzzfile.com/business/Godinger-Silver-Art-Ltd.-718-418-1000
"Gift, Novelty, and Souvenir Shop",Miscellaneous Retail,"https://www.buzzfile.com/business/Shen-Yun-Collections,-Inc.-800-208-2384"
"Gift, Novelty, and Souvenir Shop",Miscellaneous Retail,https://www.buzzfile.com/business/My-Mighty-Magnet-516-295-5639
"Gift, Novelty, and Souvenir Shop",Miscellaneous Retail,https://www.buzzfile.com/business/The-Sarut-Group-Inc-718-387-7484
"Gift, Novelty, and Souvenir Shop",Miscellaneous Retail,https://www.buzzfile.com/business/Green-Apple-Gifts-716-363-7010
"Gift, Novelty, and Souvenir Shop",Miscellaneous Retail,https://www.buzzfile.com/business/Mirtex-Trading-Corp.-718-486-7832
"Gift, Novelty, and Souvenir Shop",Miscellaneous Retail,https://www.buzzfile.com/business/Godinger-Silver-Art-Co-718-418-1000
"Gift, Novelty, and Souvenir Shop",Miscellaneous Retail,https://www.buzzfile.com/business/Hookah-Plus-Inc.-646-666-5109
"Gift, Novelty, and Souvenir Shop",Miscellaneous Retail,https://www.buzzfile.com/business/The-Handmaiden-585-289-3259
"Gift, Novelty, and Souvenir Shop",Miscellaneous Retail,https://www.buzzfile.com/business/Cazenovia-Abroad-315-655-2355
"Gift, Novelty, and Souvenir Shop",Miscellaneous Retail,https://www.buzzfile.com/business/J%26S-Imports-212-242-7212
"Gift, Novelty, and Souvenir Shop",Miscellaneous Retail,https://www.buzzfile.com/business/Commodore-International-Corp.-718-788-2600
"Gift, Novelty, and Souvenir Shop",Miscellaneous Retail,https://www.buzzfile.com/business/Giveanything.com-212-689-1200
"Gift, Novelty, and Souvenir Shop",Miscellaneous Retail,https://www.buzzfile.com/business/KKR-1996-GP-L.L.C.-212-750-8300
"Gift, Novelty, and Souvenir Shop",Miscellaneous Retail,https://www.buzzfile.com/business/Sanway-International-USA-Inc.-718-396-2186
"Gift, Novelty, and Souvenir Shop",Miscellaneous Retail,https://www.buzzfile.com/business/Artobjects-212-595-7122
"Gift, Novelty, and Souvenir Shop",Miscellaneous Retail,https://www.buzzfile.com/business/Apb-Importers-LLC-914-320-0382
"Gift, Novelty, and Souvenir Shop",Miscellaneous Retail,https://www.buzzfile.com/business/Plaid-Pallet-of-Celtic-Art-607-264-3769
"Gift, Novelty, and Souvenir Shop",Miscellaneous Retail,https://www.buzzfile.com/business/Mia-212-362-2081
"Gift, Novelty, and Souvenir Shop",Miscellaneous Retail,"https://www.buzzfile.com/business/Just-Fantastic,-Inc.-212-213-2988"
"Gift, Novelty, and Souvenir Shop",Miscellaneous Retail,https://www.buzzfile.com/business/Spire-Awards.And.Gifts-Inc.-631-653-0031
"Gift, Novelty, and Souvenir Shop",Miscellaneous Retail,https://www.buzzfile.com/business/Echelon-International-Inc.-631-225-4600
"Gift, Novelty, and Souvenir Shop",Miscellaneous Retail,https://www.buzzfile.com/business/Clemente-Fund-Raising-315-732-1306
"Gift, Novelty, and Souvenir Shop",Miscellaneous Retail,https://www.buzzfile.com/business/Shirt-King-845-354-4000
"Gift, Novelty, and Souvenir Shop",Miscellaneous Retail,"https://www.buzzfile.com/business/Fine-Line,-Inc.-718-596-1120"
"Gift, Novelty, and Souvenir Shop",Miscellaneous Retail,"https://www.buzzfile.com/business/Kanoodle.com,-Inc.-716-817-5000"
"Gift, Novelty, and Souvenir Shop",Miscellaneous Retail,https://www.buzzfile.com/business/P.J.S.-Trading-Corp.-516-697-5213
"Gift, Novelty, and Souvenir Shop",Miscellaneous Retail,https://www.buzzfile.com/business/Sparkles-718-766-8226
"Gift, Novelty, and Souvenir Shop",Miscellaneous Retail,"https://www.buzzfile.com/business/New-York-Oriental-Trading-Co.,-Inc.-646-996-2277"
"Gift, Novelty, and Souvenir Shop",Miscellaneous Retail,"https://www.buzzfile.com/business/Zanazan-U.S.A.,-Inc.-518-298-2639"
"Gift, Novelty, and Souvenir Shop",Miscellaneous Retail,https://www.buzzfile.com/business/Fancy-That-Gift.And.Decor-Inc-336-273-7515
"Gift, Novelty, and Souvenir Shop",Miscellaneous Retail,"https://www.buzzfile.com/business/Dromar,-Inc-910-287-5411"
"Gift, Novelty, and Souvenir Shop",Miscellaneous Retail,https://www.buzzfile.com/business/Madeliene-German-Interiors-704-553-7382
"Gift, Novelty, and Souvenir Shop",Miscellaneous Retail,https://www.buzzfile.com/business/K-M-D-I-910-762-0065
"Gift, Novelty, and Souvenir Shop",Miscellaneous Retail,https://www.buzzfile.com/business/Engage2excel-704-872-5231
"Gift, Novelty, and Souvenir Shop",Miscellaneous Retail,https://www.buzzfile.com/business/Taylors-Gift-919-848-6751
"Gift, Novelty, and Souvenir Shop",Miscellaneous Retail,https://www.buzzfile.com/business/Milestones-Company-877-416-0157
"Gift, Novelty, and Souvenir Shop",Miscellaneous Retail,"https://www.buzzfile.com/business/American-Indian-Trading-Co,-Inc.-828-488-4689"
"Gift, Novelty, and Souvenir Shop",Miscellaneous Retail,https://www.buzzfile.com/business/S-Liard-Ltd-919-735-4751
"Gift, Novelty, and Souvenir Shop",Miscellaneous Retail,https://www.buzzfile.com/business/Amway-Products-Distributor-336-883-1159
"Gift, Novelty, and Souvenir Shop",Miscellaneous Retail,https://www.buzzfile.com/business/Harry-N-Martin-Co-Inc-828-255-8666
"Gift, Novelty, and Souvenir Shop",Miscellaneous Retail,https://www.buzzfile.com/business/G%26K-Enterprises-336-275-0049
"Gift, Novelty, and Souvenir Shop",Miscellaneous Retail,https://www.buzzfile.com/business/Backyard-Glory-704-655-8989
"Gift, Novelty, and Souvenir Shop",Miscellaneous Retail,https://www.buzzfile.com/business/Dragonfly-Import-Co-LLC-252-354-2080
"Gift, Novelty, and Souvenir Shop",Miscellaneous Retail,https://www.buzzfile.com/business/Race-Daze-336-431-7251
"Gift, Novelty, and Souvenir Shop",Miscellaneous Retail,https://www.buzzfile.com/business/Left-Side-828-681-1728
"Gift, Novelty, and Souvenir Shop",Miscellaneous Retail,"https://www.buzzfile.com/business/Running-Studio,-Inc.-704-830-8409"
"Gift, Novelty, and Souvenir Shop",Miscellaneous Retail,https://www.buzzfile.com/business/Lookout-Sports-Cards.And.Collectibles-252-648-8191
"Gift, Novelty, and Souvenir Shop",Miscellaneous Retail,https://www.buzzfile.com/business/Laurent-International-919-690-8118
"Gift, Novelty, and Souvenir Shop",Miscellaneous Retail,https://www.buzzfile.com/business/The-Chieftain-828-497-9437
"Gift, Novelty, and Souvenir Shop",Miscellaneous Retail,https://www.buzzfile.com/business/Loom-Imports-208-806-1611
"Gift, Novelty, and Souvenir Shop",Miscellaneous Retail,https://www.buzzfile.com/business/Cindy-Lou!s-Boutique-and-Gifts-336-688-3496
"Gift, Novelty, and Souvenir Shop",Miscellaneous Retail,https://www.buzzfile.com/business/The-Peacock!s-Eye-LLC-931-538-0080
"Gift, Novelty, and Souvenir Shop",Miscellaneous Retail,"https://www.buzzfile.com/business/Liberty-Wholesale-Distributors,-Inc.-336-357-0732"
"Gift, Novelty, and Souvenir Shop",Miscellaneous Retail,https://www.buzzfile.com/business/Indo-Crafts-828-275-8695
"Gift, Novelty, and Souvenir Shop",Miscellaneous Retail,"https://www.buzzfile.com/business/Mmmcreativestudio,-LLC-919-348-9959"
"Gift, Novelty, and Souvenir Shop",Miscellaneous Retail,https://www.buzzfile.com/business/Heartsongpoet-A-Black-Girl-Sticker-Co.-LLC-919-238-9810
"Gift, Novelty, and Souvenir Shop",Miscellaneous Retail,https://www.buzzfile.com/business/Deg-Enterprises-910-630-2230
"Gift, Novelty, and Souvenir Shop",Miscellaneous Retail,https://www.buzzfile.com/business/Hero-Coins-704-735-3527
"Gift, Novelty, and Souvenir Shop",Miscellaneous Retail,https://www.buzzfile.com/business/Midwest~Cbk-336-835-6020
"Gift, Novelty, and Souvenir Shop",Miscellaneous Retail,https://www.buzzfile.com/business/TTT-Distributors-910-265-8683
"Gift, Novelty, and Souvenir Shop",Miscellaneous Retail,https://www.buzzfile.com/business/Merriken-Enterprises-828-926-0111
"Gift, Novelty, and Souvenir Shop",Miscellaneous Retail,https://www.buzzfile.com/business/Hitsaurous-828-252-5228
"Gift, Novelty, and Souvenir Shop",Miscellaneous Retail,"https://www.buzzfile.com/business/Northington-Trading,-LLC-704-542-0156"
"Gift, Novelty, and Souvenir Shop",Miscellaneous Retail,"https://www.buzzfile.com/business/Future-Sales-Global-Sourcing,-Inc.-336-292-9888"
"Gift, Novelty, and Souvenir Shop",Miscellaneous Retail,"https://www.buzzfile.com/business/Mary-Square,-LLC-940-626-2064"
"Gift, Novelty, and Souvenir Shop",Miscellaneous Retail,https://www.buzzfile.com/business/Jpf-Sales-Corporation-704-782-9328
"Gift, Novelty, and Souvenir Shop",Miscellaneous Retail,"https://www.buzzfile.com/business/Coats,-Al-Sales-Co-919-772-4669"
"Gift, Novelty, and Souvenir Shop",Miscellaneous Retail,https://www.buzzfile.com/business/Indimension-Inc-828-337-0496
"Gift, Novelty, and Souvenir Shop",Miscellaneous Retail,https://www.buzzfile.com/business/J.garbriel-Gifts-941-702-1384
"Gift, Novelty, and Souvenir Shop",Miscellaneous Retail,"https://www.buzzfile.com/business/Buttons-By-Fish,-Inc.-701-842-2304"
"Gift, Novelty, and Souvenir Shop",Miscellaneous Retail,https://www.buzzfile.com/business/Goal-Line-Sports-701-483-6357
"Gift, Novelty, and Souvenir Shop",Miscellaneous Retail,"https://www.buzzfile.com/business/Mark-Feldstein.And.Associates,-Inc.-419-867-9500"
"Gift, Novelty, and Souvenir Shop",Miscellaneous Retail,"https://www.buzzfile.com/business/Rk-Sales.And.Imports,-Inc.-419-445-9096"
"Gift, Novelty, and Souvenir Shop",Miscellaneous Retail,https://www.buzzfile.com/business/Performance-Marketing-440-331-8012
"Gift, Novelty, and Souvenir Shop",Miscellaneous Retail,https://www.buzzfile.com/business/Aitg-419-586-6433
"Gift, Novelty, and Souvenir Shop",Miscellaneous Retail,"https://www.buzzfile.com/business/Cesco,-Inc.-740-694-2477"
"Gift, Novelty, and Souvenir Shop",Miscellaneous Retail,https://www.buzzfile.com/business/The-Millers.And.Co-740-454-8239
"Gift, Novelty, and Souvenir Shop",Miscellaneous Retail,https://www.buzzfile.com/business/Gifts-N!-Stuff-Unlimited-614-861-4326
"Gift, Novelty, and Souvenir Shop",Miscellaneous Retail,https://www.buzzfile.com/business/Initially-You-Too-216-831-0007
"Gift, Novelty, and Souvenir Shop",Miscellaneous Retail,https://www.buzzfile.com/business/Tracy!s-World-of-Gifts-Wholesale-Retail-LLC-330-338-2786
"Gift, Novelty, and Souvenir Shop",Miscellaneous Retail,https://www.buzzfile.com/business/Npw-Group-646-647-2790
"Gift, Novelty, and Souvenir Shop",Miscellaneous Retail,"https://www.buzzfile.com/business/Interior-Traders,-LLC-419-690-4663"
"Gift, Novelty, and Souvenir Shop",Miscellaneous Retail,"https://www.buzzfile.com/business/Esc-and-Company,-Inc.-614-794-0568"
"Gift, Novelty, and Souvenir Shop",Miscellaneous Retail,"https://www.buzzfile.com/business/Irish-Trading-Co.,-The-216-371-6886"
"Gift, Novelty, and Souvenir Shop",Miscellaneous Retail,https://www.buzzfile.com/business/Jones-Jones.And.Associates-614-876-7599
"Gift, Novelty, and Souvenir Shop",Miscellaneous Retail,https://www.buzzfile.com/business/Dnister-Company-440-842-4961
"Gift, Novelty, and Souvenir Shop",Miscellaneous Retail,https://www.buzzfile.com/business/Sold-12.s.5.s.2010-513-751-4477
"Gift, Novelty, and Souvenir Shop",Miscellaneous Retail,https://www.buzzfile.com/business/Pesta!s-Country-Gifts-740-535-1873
"Gift, Novelty, and Souvenir Shop",Miscellaneous Retail,https://www.buzzfile.com/business/Details-Diversified-Inc.-330-872-0042
"Gift, Novelty, and Souvenir Shop",Miscellaneous Retail,https://www.buzzfile.com/business/United-Discount-216-432-0421
"Gift, Novelty, and Souvenir Shop",Miscellaneous Retail,https://www.buzzfile.com/business/My-State-Threads-513-592-3020
"Gift, Novelty, and Souvenir Shop",Miscellaneous Retail,https://www.buzzfile.com/business/Ried.And.Johnson-Associates-(hilliard-Tel-No)-614-222-4200
"Gift, Novelty, and Souvenir Shop",Miscellaneous Retail,https://www.buzzfile.com/business/Z-P-R-International-Inc.-216-464-2667
"Gift, Novelty, and Souvenir Shop",Miscellaneous Retail,https://www.buzzfile.com/business/Starlight-Inspirations-330-567-0059
"Gift, Novelty, and Souvenir Shop",Miscellaneous Retail,https://www.buzzfile.com/business/Personal-Touch-Distribution-LLC-513-919-4729
"Gift, Novelty, and Souvenir Shop",Miscellaneous Retail,"https://www.buzzfile.com/business/Direct-Innovations,-Llc.-937-272-1581"
"Gift, Novelty, and Souvenir Shop",Miscellaneous Retail,"https://www.buzzfile.com/business/Fortunately-Yours,-Inc.-740-652-8455"
"Gift, Novelty, and Souvenir Shop",Miscellaneous Retail,https://www.buzzfile.com/business/Areaware-Inc-614-469-0600
"Gift, Novelty, and Souvenir Shop",Miscellaneous Retail,"https://www.buzzfile.com/business/Beck-International,-Inc.-513-469-1750"
"Gift, Novelty, and Souvenir Shop",Miscellaneous Retail,https://www.buzzfile.com/business/World-of-Specialties-440-564-7777
"Gift, Novelty, and Souvenir Shop",Miscellaneous Retail,https://www.buzzfile.com/business/Victorian-Memories-330-688-3962
"Gift, Novelty, and Souvenir Shop",Miscellaneous Retail,https://www.buzzfile.com/business/Global-Crafts-386-424-1662
"Gift, Novelty, and Souvenir Shop",Miscellaneous Retail,https://www.buzzfile.com/business/Unique-Concepts-614-876-2205
"Gift, Novelty, and Souvenir Shop",Miscellaneous Retail,"https://www.buzzfile.com/business/Gj-Sales-Company,-Inc.-330-667-2698"
"Gift, Novelty, and Souvenir Shop",Miscellaneous Retail,https://www.buzzfile.com/business/Paul-G.-Toys-614-873-3800
"Gift, Novelty, and Souvenir Shop",Miscellaneous Retail,https://www.buzzfile.com/business/Ceramics-By-Wendy-614-885-3532
"Gift, Novelty, and Souvenir Shop",Miscellaneous Retail,https://www.buzzfile.com/business/Surreal-Entertainment-LLC-330-262-5277
"Gift, Novelty, and Souvenir Shop",Miscellaneous Retail,"https://www.buzzfile.com/business/Gifts-4-You-Wholesale,-Inc.-567-215-0150"
"Gift, Novelty, and Souvenir Shop",Miscellaneous Retail,https://www.buzzfile.com/business/Npw-513-345-2800
"Gift, Novelty, and Souvenir Shop",Miscellaneous Retail,https://www.buzzfile.com/business/Bliss-In-A-Bottle-614-428-9463
"Gift, Novelty, and Souvenir Shop",Miscellaneous Retail,https://www.buzzfile.com/business/Alacwn~C-Farmers!-Cooperative-614-961-6479
"Gift, Novelty, and Souvenir Shop",Miscellaneous Retail,"https://www.buzzfile.com/business/Bagman,-The-513-851-0580"
"Gift, Novelty, and Souvenir Shop",Miscellaneous Retail,"https://www.buzzfile.com/business/This~N~That-Outlet,-LLC-740-352-1178"
"Gift, Novelty, and Souvenir Shop",Miscellaneous Retail,https://www.buzzfile.com/business/The-Professional-Collection-Inc-440-528-0200
"Gift, Novelty, and Souvenir Shop",Miscellaneous Retail,https://www.buzzfile.com/business/Weis-Incentives-Inc.-216-896-9618
"Gift, Novelty, and Souvenir Shop",Miscellaneous Retail,https://www.buzzfile.com/business/Funky-People-330-262-5277
"Gift, Novelty, and Souvenir Shop",Miscellaneous Retail,https://www.buzzfile.com/business/Carson-Wrapped-513-874-7414
"Gift, Novelty, and Souvenir Shop",Miscellaneous Retail,https://www.buzzfile.com/business/J-W-Throttle-Company-330-321-6089
"Gift, Novelty, and Souvenir Shop",Miscellaneous Retail,https://www.buzzfile.com/business/Choclamours-614-560-5791
"Gift, Novelty, and Souvenir Shop",Miscellaneous Retail,https://www.buzzfile.com/business/Pine-Valley-Products-330-755-2202
"Gift, Novelty, and Souvenir Shop",Miscellaneous Retail,https://www.buzzfile.com/business/Money.And.Motivation-330-545-4191
"Gift, Novelty, and Souvenir Shop",Miscellaneous Retail,https://www.buzzfile.com/business/Stately-405-732-8919
"Gift, Novelty, and Souvenir Shop",Miscellaneous Retail,"https://www.buzzfile.com/business/Dillon-Importing-Company,-Inc.-405-228-3100"
"Gift, Novelty, and Souvenir Shop",Miscellaneous Retail,https://www.buzzfile.com/business/Michael-Trading-Group-Inc-405-632-0007
"Gift, Novelty, and Souvenir Shop",Miscellaneous Retail,https://www.buzzfile.com/business/Oklahoma-Heritage-Farm-Store-918-371-7887
"Gift, Novelty, and Souvenir Shop",Miscellaneous Retail,"https://www.buzzfile.com/business/J.A.G.-Enterprises,-Inc.-405-373-4438"
"Gift, Novelty, and Souvenir Shop",Miscellaneous Retail,"https://www.buzzfile.com/business/W-H-Enterprises,-Inc-918-664-7339"
"Gift, Novelty, and Souvenir Shop",Miscellaneous Retail,https://www.buzzfile.com/business/Art-Import-918-296-3431
"Gift, Novelty, and Souvenir Shop",Miscellaneous Retail,"https://www.buzzfile.com/business/Beasley,-O-Rex-Distributing-918-836-5681"
"Gift, Novelty, and Souvenir Shop",Miscellaneous Retail,https://www.buzzfile.com/business/Marlow-Floral-Products-LLC-580-658-3479
"Gift, Novelty, and Souvenir Shop",Miscellaneous Retail,https://www.buzzfile.com/business/Heart-of-Prarie-580-323-3942
"Gift, Novelty, and Souvenir Shop",Miscellaneous Retail,"https://www.buzzfile.com/business/Christie!!s-Sales,-LLC-405-495-1123"
"Gift, Novelty, and Souvenir Shop",Miscellaneous Retail,https://www.buzzfile.com/business/Esperanza-918-835-7333
"Gift, Novelty, and Souvenir Shop",Miscellaneous Retail,https://www.buzzfile.com/business/Pacific-Trading-405-216-9258
"Gift, Novelty, and Souvenir Shop",Miscellaneous Retail,https://www.buzzfile.com/business/Mannford-Feed.And.Garden-Supply-918-865-4637
"Gift, Novelty, and Souvenir Shop",Miscellaneous Retail,https://www.buzzfile.com/business/Pearson!s-Bail-Bonds-Agency-580-248-1875
"Gift, Novelty, and Souvenir Shop",Miscellaneous Retail,"https://www.buzzfile.com/business/Northern-Lights-Crystal,-Inc-503-287-5215"
"Gift, Novelty, and Souvenir Shop",Miscellaneous Retail,https://www.buzzfile.com/business/Your-Gift-Source-541-459-7649
"Gift, Novelty, and Souvenir Shop",Miscellaneous Retail,https://www.buzzfile.com/business/Paul-Strauch-Studio-503-588-8133
"Gift, Novelty, and Souvenir Shop",Miscellaneous Retail,https://www.buzzfile.com/business/Happy-Golf-503-292-5601
"Gift, Novelty, and Souvenir Shop",Miscellaneous Retail,https://www.buzzfile.com/business/Wool-Bugs-530-925-9368
"Gift, Novelty, and Souvenir Shop",Miscellaneous Retail,"https://www.buzzfile.com/business/Red-Horseshoe-Paper,-LLC-503-331-1313"
"Gift, Novelty, and Souvenir Shop",Miscellaneous Retail,"https://www.buzzfile.com/business/Smith-~-Western,-Inc.-503-227-6101"
"Gift, Novelty, and Souvenir Shop",Miscellaneous Retail,https://www.buzzfile.com/business/Marac-Enterprises-503-655-4248
"Gift, Novelty, and Souvenir Shop",Miscellaneous Retail,https://www.buzzfile.com/business/The-Lippman-Co-503-239-7007
"Gift, Novelty, and Souvenir Shop",Miscellaneous Retail,https://www.buzzfile.com/business/D-A-I-International-541-389-8500
"Gift, Novelty, and Souvenir Shop",Miscellaneous Retail,https://www.buzzfile.com/business/Authentic-Models-541-686-4666
"Gift, Novelty, and Souvenir Shop",Miscellaneous Retail,"https://www.buzzfile.com/business/Alder-Street-Imports,-LLC-541-912-5190"
"Gift, Novelty, and Souvenir Shop",Miscellaneous Retail,https://www.buzzfile.com/business/Jack-Nadel-Inc.-503-998-3407
"Gift, Novelty, and Souvenir Shop",Miscellaneous Retail,"https://www.buzzfile.com/business/In-The-Breeze,-LLC-541-389-1417"
"Gift, Novelty, and Souvenir Shop",Miscellaneous Retail,https://www.buzzfile.com/business/Maurice-Milleur-Gallery-503-477-8242
"Gift, Novelty, and Souvenir Shop",Miscellaneous Retail,https://www.buzzfile.com/business/Carl-W-Brandenfels-503-397-3547
"Gift, Novelty, and Souvenir Shop",Miscellaneous Retail,https://www.buzzfile.com/business/I-B-P~Nnovative-Bus-Promotions-541-752-1200
"Gift, Novelty, and Souvenir Shop",Miscellaneous Retail,https://www.buzzfile.com/business/Market-Incentives-Corporation-610-644-5700
"Gift, Novelty, and Souvenir Shop",Miscellaneous Retail,https://www.buzzfile.com/business/Northwest-Reps-Inc-541-345-9424
"Gift, Novelty, and Souvenir Shop",Miscellaneous Retail,"https://www.buzzfile.com/business/African-Modern,-LLC-541-684-0688"
"Gift, Novelty, and Souvenir Shop",Miscellaneous Retail,https://www.buzzfile.com/business/The-Original-Source-Inc-760-518-4570
"Gift, Novelty, and Souvenir Shop",Miscellaneous Retail,https://www.buzzfile.com/business/Busy-Bee-Collectibles-503-394-2965
"Gift, Novelty, and Souvenir Shop",Miscellaneous Retail,https://www.buzzfile.com/business/Sooo-Special-215-440-0800
"Gift, Novelty, and Souvenir Shop",Miscellaneous Retail,https://www.buzzfile.com/business/J-H-Wonder-Works-610-293-1450
"Gift, Novelty, and Souvenir Shop",Miscellaneous Retail,https://www.buzzfile.com/business/Rupalee-215-576-7188
"Gift, Novelty, and Souvenir Shop",Miscellaneous Retail,https://www.buzzfile.com/business/Peter-Kleine-239-272-8004
"Gift, Novelty, and Souvenir Shop",Miscellaneous Retail,https://www.buzzfile.com/business/CB-Designs-412-421-0355
"Gift, Novelty, and Souvenir Shop",Miscellaneous Retail,https://www.buzzfile.com/business/Keller~Charles-of-Philadelphia-215-732-2614
"Gift, Novelty, and Souvenir Shop",Miscellaneous Retail,https://www.buzzfile.com/business/The-Garden-Gate-717-285-4470
"Gift, Novelty, and Souvenir Shop",Miscellaneous Retail,https://www.buzzfile.com/business/Ivystone-Group-Inc.-610-524-0322
"Gift, Novelty, and Souvenir Shop",Miscellaneous Retail,https://www.buzzfile.com/business/Small-Jobs-Unlimited-717-285-4795
"Gift, Novelty, and Souvenir Shop",Miscellaneous Retail,https://www.buzzfile.com/business/Jomar-Wholesale-610-710-9336
"Gift, Novelty, and Souvenir Shop",Miscellaneous Retail,https://www.buzzfile.com/business/Ganz-USA-LLC-610-543-3950
"Gift, Novelty, and Souvenir Shop",Miscellaneous Retail,https://www.buzzfile.com/business/Forman-Gifts-610-941-3601
"Gift, Novelty, and Souvenir Shop",Miscellaneous Retail,https://www.buzzfile.com/business/Madison-Bay-Company-717-259-6886
"Gift, Novelty, and Souvenir Shop",Miscellaneous Retail,"https://www.buzzfile.com/business/A.T.-Imports,-Ltd.-717-207-0100"
"Gift, Novelty, and Souvenir Shop",Miscellaneous Retail,"https://www.buzzfile.com/business/Fickle-Pickle-Parties,-LLC-610-454-7237"
"Gift, Novelty, and Souvenir Shop",Miscellaneous Retail,https://www.buzzfile.com/business/Kiskis-Imports-215-563-1583
"Gift, Novelty, and Souvenir Shop",Miscellaneous Retail,https://www.buzzfile.com/business/Generations-Things-Old.And.New-610-933-8100
"Gift, Novelty, and Souvenir Shop",Miscellaneous Retail,https://www.buzzfile.com/business/Acacia-Creations-717-817-1412
"Gift, Novelty, and Souvenir Shop",Miscellaneous Retail,https://www.buzzfile.com/business/Nubiron-Imports-215-416-4473
"Gift, Novelty, and Souvenir Shop",Miscellaneous Retail,https://www.buzzfile.com/business/Gift-Connection-Inc-609-895-7189
"Gift, Novelty, and Souvenir Shop",Miscellaneous Retail,https://www.buzzfile.com/business/Tabby-Sales-215-884-4618
"Gift, Novelty, and Souvenir Shop",Miscellaneous Retail,"https://www.buzzfile.com/business/C.And.W-Imports,-Inc.-215-579-1099"
"Gift, Novelty, and Souvenir Shop",Miscellaneous Retail,https://www.buzzfile.com/business/One-Coast-Network-LLC-866-592-5514
"Gift, Novelty, and Souvenir Shop",Miscellaneous Retail,https://www.buzzfile.com/business/Tag-Team-610-584-8477
"Gift, Novelty, and Souvenir Shop",Miscellaneous Retail,https://www.buzzfile.com/business/Kirshner-Sales-Associates-610-481-0433
"Gift, Novelty, and Souvenir Shop",Miscellaneous Retail,https://www.buzzfile.com/business/Basket-Warehouse-717-665-4721
"Gift, Novelty, and Souvenir Shop",Miscellaneous Retail,https://www.buzzfile.com/business/Steven-D-Minder-Nurseries-717-872-9045
"Gift, Novelty, and Souvenir Shop",Miscellaneous Retail,https://www.buzzfile.com/business/The-Rondeau-Group-LLC-215-272-6116
"Gift, Novelty, and Souvenir Shop",Miscellaneous Retail,https://www.buzzfile.com/business/Candazzle-With-Pearl-570-335-1081
"Gift, Novelty, and Souvenir Shop",Miscellaneous Retail,"https://www.buzzfile.com/business/Gifts-!n-Things,-Inc.-610-944-1400"
"Gift, Novelty, and Souvenir Shop",Miscellaneous Retail,https://www.buzzfile.com/business/Al-Anwar-Fragrances-Inc.-404-452-4552
"Gift, Novelty, and Souvenir Shop",Miscellaneous Retail,"https://www.buzzfile.com/business/Marks-of-Success,-Inc.-215-635-0977"
"Gift, Novelty, and Souvenir Shop",Miscellaneous Retail,"https://www.buzzfile.com/business/Lk-Imports,-LLC-973-876-3451"
"Gift, Novelty, and Souvenir Shop",Miscellaneous Retail,"https://www.buzzfile.com/business/Warrior-Class-Coins,-LLC-412-855-5814"
"Gift, Novelty, and Souvenir Shop",Miscellaneous Retail,https://www.buzzfile.com/business/Sweethearted-LLC-412-657-1603
"Gift, Novelty, and Souvenir Shop",Miscellaneous Retail,https://www.buzzfile.com/business/Milner-Marketing-Corporation-610-270-9775_no:8451250
"Gift, Novelty, and Souvenir Shop",Miscellaneous Retail,https://www.buzzfile.com/business/Friends-215-368-5081
"Gift, Novelty, and Souvenir Shop",Miscellaneous Retail,https://www.buzzfile.com/business/S-F-M-Design-Group-412-835-5910
"Gift, Novelty, and Souvenir Shop",Miscellaneous Retail,https://www.buzzfile.com/business/Witmer-Stuff-717-940-9530
"Gift, Novelty, and Souvenir Shop",Miscellaneous Retail,https://www.buzzfile.com/business/Jlm-Logo-Products-724-325-2342
"Gift, Novelty, and Souvenir Shop",Miscellaneous Retail,https://www.buzzfile.com/business/Stouffer-Enterprises-Inc-717-261-9550
"Gift, Novelty, and Souvenir Shop",Miscellaneous Retail,"https://www.buzzfile.com/business/Morry-Dickter.And.Associates,-Inc.-412-531-5274"
"Gift, Novelty, and Souvenir Shop",Miscellaneous Retail,https://www.buzzfile.com/business/Country-Mills-Inc-610-847-3284
"Gift, Novelty, and Souvenir Shop",Miscellaneous Retail,https://www.buzzfile.com/business/Susan-A-Kumpf-Designs-610-236-0678
"Gift, Novelty, and Souvenir Shop",Miscellaneous Retail,https://www.buzzfile.com/business/Sni-215-788-0600
"Gift, Novelty, and Souvenir Shop",Miscellaneous Retail,https://www.buzzfile.com/business/Kay-Berry-724-352-0370
"Gift, Novelty, and Souvenir Shop",Miscellaneous Retail,https://www.buzzfile.com/business/Smoker!s-Express-717-436-6279
"Gift, Novelty, and Souvenir Shop",Miscellaneous Retail,https://www.buzzfile.com/business/Road-Runner-Enterprises-610-948-5725
"Gift, Novelty, and Souvenir Shop",Miscellaneous Retail,https://www.buzzfile.com/business/Green-Pond-Marketing-610-250-9512
"Gift, Novelty, and Souvenir Shop",Miscellaneous Retail,https://www.buzzfile.com/business/The-Boyds-Collection-~-Branson-LLC-717-633-9898
"Gift, Novelty, and Souvenir Shop",Miscellaneous Retail,https://www.buzzfile.com/business/Hurley-Trading-401-398-7238
"Gift, Novelty, and Souvenir Shop",Miscellaneous Retail,"https://www.buzzfile.com/business/Marrinan-Holdings,-Inc.-401-667-3800"
"Gift, Novelty, and Souvenir Shop",Miscellaneous Retail,https://www.buzzfile.com/business/Marrinan-Promotions-855-215-2065
"Gift, Novelty, and Souvenir Shop",Miscellaneous Retail,https://www.buzzfile.com/business/Sunshine-Joy-Distributing-401-769-8800_no:2954911
"Gift, Novelty, and Souvenir Shop",Miscellaneous Retail,"https://www.buzzfile.com/business/Calypso-Cards,-Inc.-978-287-5900"
"Gift, Novelty, and Souvenir Shop",Miscellaneous Retail,"https://www.buzzfile.com/business/International-Apothecario,-The-401-941-6288"
"Gift, Novelty, and Souvenir Shop",Miscellaneous Retail,https://www.buzzfile.com/business/Chinese-Products-Company-Inc-401-228-6261
"Gift, Novelty, and Souvenir Shop",Miscellaneous Retail,"https://www.buzzfile.com/business/Island-Basket.And.Trading-Co.,-Inc.-401-232-1255"
"Gift, Novelty, and Souvenir Shop",Miscellaneous Retail,https://www.buzzfile.com/business/Wink-Gift-Store-401-248-4287
"Gift, Novelty, and Souvenir Shop",Miscellaneous Retail,"https://www.buzzfile.com/business/Lydia!s-House,-Inc.-864-429-3288"
"Gift, Novelty, and Souvenir Shop",Miscellaneous Retail,https://www.buzzfile.com/business/Traditions-Press-Inc.-803-359-0045
"Gift, Novelty, and Souvenir Shop",Miscellaneous Retail,https://www.buzzfile.com/business/College-Shoppe-803-328-2776
"Gift, Novelty, and Souvenir Shop",Miscellaneous Retail,"https://www.buzzfile.com/business/Nine-Yards-International,-LLC-843-814-0380"
"Gift, Novelty, and Souvenir Shop",Miscellaneous Retail,https://www.buzzfile.com/business/Gdh~Trading-LP-803-548-0946
"Gift, Novelty, and Souvenir Shop",Miscellaneous Retail,"https://www.buzzfile.com/business/Kruger,-Ltd.-843-399-2165"
"Gift, Novelty, and Souvenir Shop",Miscellaneous Retail,https://www.buzzfile.com/business/The-Jester-Company-336-545-1010
"Gift, Novelty, and Souvenir Shop",Miscellaneous Retail,https://www.buzzfile.com/business/Boozi-LLC-843-957-4537
"Gift, Novelty, and Souvenir Shop",Miscellaneous Retail,"https://www.buzzfile.com/business/Greenleaf,-Inc.-864-573-7341"
"Gift, Novelty, and Souvenir Shop",Miscellaneous Retail,https://www.buzzfile.com/business/Goose-Creek-Candles-LLC-606-787-1288
"Gift, Novelty, and Souvenir Shop",Miscellaneous Retail,"https://www.buzzfile.com/business/Sunbelt-Marketing-Group,-Inc.-843-744-7762"
"Gift, Novelty, and Souvenir Shop",Miscellaneous Retail,"https://www.buzzfile.com/business/Select-Imports-of-Panama,-LLC-843-679-3781"
"Gift, Novelty, and Souvenir Shop",Miscellaneous Retail,https://www.buzzfile.com/business/Art-Lowcountry-843-637-6396
"Gift, Novelty, and Souvenir Shop",Miscellaneous Retail,"https://www.buzzfile.com/business/Gmart-Global,-LLC-864-490-1398"
